Timestamp,Px,Py,Pz,Speed_m_s,Vx,Vy,Vz
1771971264.1959,-0.2856,0.0757,0.7152,0.0000,0.0000,0.0000,0.0000
1771971264.2224,-0.2856,0.0757,0.7152,0.0000,0.0000,0.0000,0.0000
1771971264.3226,-0.2903,0.0776,0.7270,0.4617,-0.1809,0.0477,0.4592
1771971264.3559,-0.2882,0.0767,0.7218,0.1570,0.0608,-0.0267,-0.1547
1771971264.4560,-0.2882,0.0767,0.7218,0.2016,-0.0787,0.0293,0.1994
1771971264.4893,-0.2903,0.0776,0.7270,0.1570,-0.0608,0.0267,0.1547
1771971264.5227,-0.2882,0.0767,0.7218,0.1564,0.0606,-0.0266,-0.1542
1771971264.5560,-0.2903,0.0776,0.7270,0.1568,-0.0607,0.0267,0.1545
1771971264.5894,-0.2903,0.0776,0.7270,0.0000,0.0000,0.0000,0.0000
1771971264.6228,-0.2903,0.0776,0.7270,0.0000,0.0000,0.0000,0.0000
1771971264.6561,-0.2903,0.0776,0.7270,0.0000,0.0000,0.0000,0.0000
1771971264.6894,-0.2875,0.0765,0.7200,0.2122,0.0828,-0.0306,-0.2099
1771971264.7228,-0.2875,0.0765,0.7200,0.0000,0.0000,0.0000,0.0000
1771971264.7562,-0.2875,0.0765,0.7200,0.0000,0.0000,0.0000,0.0000
1771971264.7896,-0.2882,0.0767,0.7218,0.0556,-0.0221,0.0040,0.0554
1771971264.8229,-0.2856,0.0757,0.7152,0.2018,0.0788,-0.0293,-0.1997
1771971264.8562,-0.2882,0.0767,0.7218,0.2021,-0.0789,0.0293,0.1999
1771971264.8897,-0.2882,0.0767,0.7218,0.0000,0.0000,0.0000,0.0000
1771971264.9230,-0.2875,0.0765,0.7200,0.0557,0.0221,-0.0040,-0.0555
1771971264.9564,-0.2856,0.0757,0.7152,0.1461,0.0566,-0.0253,-0.1439
1771971264.9898,-0.2856,0.0757,0.7152,0.0000,0.0000,0.0000,0.0000
1771971265.0230,-0.2856,0.0757,0.7152,0.0000,0.0000,0.0000,0.0000
1771971265.0564,-0.2856,0.0757,0.7152,0.0000,0.0000,0.0000,0.0000
1771971265.0898,-0.2875,0.0765,0.7200,0.1464,-0.0567,0.0254,0.1442
1771971265.1232,-0.2856,0.0757,0.7152,0.1463,0.0566,-0.0253,-0.1441
1771971265.1564,-0.2856,0.0756,0.7142,0.0295,0.0018,-0.0026,-0.0294
1771971265.2566,-0.2982,0.0793,0.7465,0.7422,-0.2970,0.0798,0.7379
1771971265.2903,-0.2856,0.0757,0.7152,0.9344,0.3720,-0.1080,-0.9282
1771971265.3233,-0.2882,0.0767,0.7218,0.2043,-0.0797,0.0297,0.2021
1771971265.3566,-0.2856,0.0757,0.7152,0.2016,0.0787,-0.0293,-0.1995
1771971265.3900,-0.2882,0.0767,0.7218,0.2020,-0.0788,0.0293,0.1998
1771971265.4232,-0.2856,0.0757,0.7152,0.2023,0.0790,-0.0294,-0.2002
1771971265.4567,-0.2856,0.0757,0.7152,0.0000,0.0000,0.0000,0.0000
1771971265.4901,-0.2856,0.0757,0.7152,0.0000,0.0000,0.0000,0.0000
1771971265.5234,-0.2882,0.0767,0.7218,0.2017,-0.0787,0.0293,0.1995
1771971265.5568,-0.2875,0.0765,0.7200,74.9338,24.4549,-19.3418,-72.3945
1771971265.5901,-0.2856,0.0757,0.7152,0.1465,0.0567,-0.0254,-0.1442
1771971265.6235,-0.2882,0.0767,0.7218,0.2018,-0.0788,0.0293,0.1997
1771971265.6569,-0.2856,0.0757,0.7152,0.2016,0.0787,-0.0293,-0.1995
1771971265.6902,-0.2856,0.0757,0.7152,0.0000,0.0000,0.0000,0.0000
1771971265.7235,-0.2856,0.0757,0.7152,0.0000,0.0000,0.0000,0.0000
1771971265.7569,-0.2856,0.0757,0.7152,0.0000,0.0000,0.0000,0.0000
1771971265.7903,-0.2882,0.0767,0.7218,0.2020,-0.0788,0.0293,0.1998
1771971265.8236,-0.2982,0.0793,0.7465,0.7428,-0.2972,0.0799,0.7385
1771971265.8571,-0.2856,0.0757,0.7152,0.9423,0.3751,-0.1090,-0.9360
1771971265.8905,-0.2903,0.0776,0.7270,0.3581,-0.1393,0.0559,0.3537
1771971265.9237,-0.2856,0.0757,0.7152,0.3592,0.1397,-0.0561,-0.3548
1771971265.9571,-0.2875,0.0765,0.7200,0.1465,-0.0567,0.0254,0.1443
1771971265.9904,-0.2882,0.0767,0.7218,0.0556,-0.0221,0.0040,0.0555
1771971266.0238,-0.2882,0.0767,0.7218,0.0000,0.0000,0.0000,0.0000
1771971266.0572,-0.2882,0.0767,0.7218,0.0000,0.0000,0.0000,0.0000
1771971266.0905,-0.2875,0.0765,0.7200,0.0556,0.0221,-0.0040,-0.0555
1771971266.1330,-0.2982,0.0793,0.7465,43.5841,-0.3476,-5.0536,-43.2901
1771971266.1572,-0.2982,0.0793,0.7465,0.0000,0.0000,0.0000,0.0000
1771971266.1906,-0.2882,0.0767,0.7218,0.7435,0.2975,-0.0800,-0.7392
1771971266.2239,-0.2903,0.0776,0.7270,0.1566,-0.0606,0.0267,0.1544
1771971266.2573,-0.2882,0.0767,0.7218,0.1565,0.0606,-0.0266,-0.1543
1771971266.2906,-0.2982,0.0793,0.7465,0.7442,-0.2977,0.0800,0.7398
1771971266.3240,-0.2875,0.0765,0.7200,0.7985,0.3193,-0.0839,-0.7941
1771971266.3573,-0.2875,0.0765,0.7200,0.0000,0.0000,0.0000,0.0000
1771971266.3907,-0.2875,0.0765,0.7200,0.0000,0.0000,0.0000,0.0000
1771971266.4240,-0.2875,0.0765,0.7200,0.0000,0.0000,0.0000,0.0000
1771971266.4574,-0.2882,0.0767,0.7218,53.0001,-0.5312,-6.1490,-52.6421
1771971266.4908,-0.2875,0.0765,0.7200,0.0556,0.0221,-0.0040,-0.0554
1771971266.5243,-0.2875,0.0765,0.7200,0.0000,0.0000,0.0000,0.0000
1771971266.5574,-0.2875,0.0765,0.7200,0.0000,0.0000,0.0000,0.0000
1771971266.5908,-0.2982,0.0793,0.7465,0.7983,-0.3192,0.0838,0.7939
1771971266.6242,-0.2903,0.0776,0.7270,0.5862,0.2364,-0.0532,-0.5838
1771971266.6576,-0.2903,0.0776,0.7270,0.0000,0.0000,0.0000,0.0000
1771971266.6909,-0.2903,0.0776,0.7270,0.0000,0.0000,0.0000,0.0000
1771971266.7242,-0.2903,0.0776,0.7270,0.0000,0.0000,0.0000,0.0000
1771971266.7585,-0.2875,0.0765,0.7200,0.2064,0.0805,-0.0298,-0.2043
1771971266.7915,-0.2903,0.0776,0.7270,0.2142,-0.0836,0.0309,0.2120
1771971266.8243,-0.2875,0.0765,0.7200,0.2154,0.0840,-0.0311,-0.2132
1771971266.8581,-0.2903,0.0776,0.7270,0.2094,-0.0817,0.0302,0.2072
1771971266.8911,-0.2903,0.0776,0.7270,0.0000,0.0000,0.0000,0.0000
1771971266.9244,-0.2903,0.0776,0.7270,0.0000,0.0000,0.0000,0.0000
1771971266.9577,-0.2875,0.0765,0.7200,0.2121,0.0827,-0.0306,-0.2099
1771971266.9911,-0.2903,0.0776,0.7270,0.2122,-0.0828,0.0306,0.2100
1771971267.0245,-0.2903,0.0776,0.7270,0.0000,0.0000,0.0000,0.0000
1771971267.0578,-0.2903,0.0776,0.7270,0.0000,0.0000,0.0000,0.0000
1771971267.0915,-0.2903,0.0776,0.7270,0.0000,0.0000,0.0000,0.0000
1771971267.1248,-0.2875,0.0765,0.7200,0.2121,0.0827,-0.0306,-0.2099
1771971267.1578,-0.2903,0.0776,0.7270,0.2141,-0.0835,0.0309,0.2118
1771971267.1912,-0.2903,0.0776,0.7270,0.0000,0.0000,0.0000,0.0000
1771971267.2247,-0.2863,0.0765,0.7200,0.2120,0.1182,-0.0306,-0.2097
1771971267.3247,-0.2818,0.0769,0.7154,0.1526,0.0660,-0.0086,-0.1524
1771971267.3581,-0.2807,0.0766,0.7121,0.0979,0.0304,-0.0086,-0.0975
1771971267.3914,-0.2807,0.0766,0.7121,0.0000,0.0000,0.0000,0.0000
1771971267.4248,-0.2807,0.0766,0.7121,0.0000,0.0000,0.0000,0.0000
1771971267.4586,-0.2807,0.0766,0.7121,0.0000,0.0000,0.0000,0.0000
1771971267.4916,-0.2807,0.0766,0.7121,0.0000,0.0000,0.0000,0.0000
1771971267.5248,-0.2807,0.0766,0.7121,0.0000,0.0000,0.0000,0.0000
1771971267.5582,-0.2807,0.0766,0.7121,0.0000,0.0000,0.0000,0.0000
1771971267.5915,-0.2807,0.0766,0.7121,0.0000,0.0000,0.0000,0.0000
1771971267.6250,-0.2807,0.0766,0.7121,0.0000,0.0000,0.0000,0.0000
1771971267.6583,-0.2807,0.0766,0.7121,0.0000,0.0000,0.0000,0.0000
1771971267.6917,-0.2818,0.0769,0.7154,0.0979,-0.0303,0.0086,0.0975
1771971267.7250,-0.2818,0.0769,0.7154,0.0000,0.0000,0.0000,0.0000
1771971267.7583,-0.2818,0.0769,0.7154,0.0000,0.0000,0.0000,0.0000
1771971267.7918,-0.2807,0.0766,0.7121,0.0975,0.0302,-0.0086,-0.0971
1771971267.8255,-0.2807,0.0766,0.7121,0.0000,0.0000,0.0000,0.0000
1771971267.8584,-0.2807,0.0766,0.7121,0.0000,0.0000,0.0000,0.0000
1771971267.8926,-0.2818,0.0769,0.7154,0.0955,-0.0296,0.0084,0.0952
1771971267.9252,-0.2807,0.0766,0.7121,0.1003,0.0311,-0.0088,-0.0999
1771971267.9587,-0.2818,0.0769,0.7154,0.0975,-0.0302,0.0086,0.0971
1771971267.9919,-0.2818,0.0769,0.7154,0.0000,0.0000,0.0000,0.0000
1771971268.0920,-0.2818,0.0769,0.7154,0.0000,0.0000,0.0000,0.0000
1771971268.1253,-0.2807,0.0766,0.7121,0.0980,0.0304,-0.0086,-0.0976
1771971268.1588,-0.2807,0.0766,0.7121,0.0000,0.0000,0.0000,0.0000
1771971268.1975,-0.2807,0.0766,0.7121,0.0000,0.0000,0.0000,0.0000
1771971268.2254,-0.2807,0.0766,0.7121,0.0000,0.0000,0.0000,0.0000
1771971268.2587,-0.2807,0.0766,0.7121,0.0000,0.0000,0.0000,0.0000
1771971268.2921,-0.2807,0.0766,0.7121,0.0000,0.0000,0.0000,0.0000
1771971268.3255,-0.2807,0.0766,0.7121,0.0000,0.0000,0.0000,0.0000
1771971268.4255,-0.2818,0.0769,0.7154,0.0979,-0.0304,0.0086,0.0976
1771971268.4589,-0.2807,0.0766,0.7121,0.0978,0.0303,-0.0086,-0.0974
1771971268.4922,-0.2807,0.0766,0.7121,0.0000,0.0000,0.0000,0.0000
1771971268.5255,-0.2807,0.0766,0.7121,0.0000,0.0000,0.0000,0.0000
1771971268.5590,-0.2807,0.0766,0.7121,0.0000,0.0000,0.0000,0.0000
1771971268.5922,-0.2807,0.0766,0.7121,0.0000,0.0000,0.0000,0.0000
1771971268.6256,-0.2896,0.0788,0.7359,0.7152,-0.2653,0.0658,0.7121
1771971268.6590,-0.2807,0.0766,0.7121,0.7142,0.2650,-0.0657,-0.7111
1771971268.6923,-0.2807,0.0766,0.7121,0.0000,0.0000,0.0000,0.0000
1771971268.7261,-0.2807,0.0766,0.7121,0.0000,0.0000,0.0000,0.0000
1771971268.7590,-0.2807,0.0766,0.7121,0.0000,0.0000,0.0000,0.0000
1771971268.7925,-0.2807,0.0766,0.7121,0.0000,0.0000,0.0000,0.0000
1771971268.8259,-0.2818,0.0769,0.7154,0.0978,-0.0303,0.0086,0.0975
1771971268.8593,-0.2807,0.0766,0.7121,0.0978,0.0303,-0.0086,-0.0974
1771971268.8926,-0.2807,0.0766,0.7121,0.0000,0.0000,0.0000,0.0000
1771971268.9262,-0.2807,0.0766,0.7121,0.0000,0.0000,0.0000,0.0000
1771971268.9592,-0.2818,0.0769,0.7154,0.0990,-0.0307,0.0087,0.0986
1771971268.9926,-0.2818,0.0769,0.7154,0.0000,0.0000,0.0000,0.0000
1771971269.0259,-0.2818,0.0769,0.7154,0.0000,0.0000,0.0000,0.0000
1771971269.0594,-0.2818,0.0769,0.7154,0.0000,0.0000,0.0000,0.0000
1771971269.0927,-0.2796,0.0766,0.7121,0.0991,0.0661,-0.0087,-0.0987
1771971269.7932,0.3572,0.0727,0.8129,0.0449,0.0114,-0.0034,-0.0448
1771971269.8265,0.3734,0.0760,0.8503,1.1299,0.4845,0.0997,1.1255
1771971269.8600,0.3572,0.0727,0.8129,1.1225,-0.4813,-0.0990,-1.1181
1771971269.8932,0.3572,0.0727,0.8129,0.0000,0.0000,0.0000,0.0000
1771971269.9266,0.3572,0.0727,0.8129,0.0000,0.0000,0.0000,0.0000
1771971269.9600,0.3572,0.0727,0.8129,0.0000,0.0000,0.0000,0.0000
1771971270.0600,0.3572,0.0727,0.8129,0.0000,0.0000,0.0000,0.0000
1771971270.0937,0.3572,0.0727,0.8129,0.0000,0.0000,0.0000,0.0000
1771971270.1934,0.3545,0.0718,0.8066,0.0000,0.0000,0.0000,0.0000
1771971270.2273,0.3545,0.0718,0.8066,0.0000,0.0000,0.0000,0.0000
1771971270.2603,0.3545,0.0718,0.8066,0.0000,0.0000,0.0000,0.0000
1771971270.2935,0.3545,0.0718,0.8066,0.0000,0.0000,0.0000,0.0000
1771971270.3271,0.3545,0.0718,0.8066,0.0000,0.0000,0.0000,0.0000
1771971270.3602,0.3545,0.0718,0.8066,0.0000,0.0000,0.0000,0.0000
1771971270.3936,0.3686,0.0754,0.8394,0.9883,0.4220,0.1086,0.9823
1771971270.4269,0.3734,0.0760,0.8503,0.3283,0.1430,0.0184,0.3278
1771971270.4603,0.3545,0.0718,0.8066,1.3161,-0.5649,-0.1270,-1.3099
1771971270.4937,0.3686,0.0754,0.8394,0.9868,0.4213,0.1084,0.9808
1771971270.5270,0.3545,0.0718,0.8066,0.9916,-0.4234,-0.1090,-0.9856
1771971270.5603,0.3545,0.0718,0.8066,0.0000,0.0000,0.0000,0.0000
1771971270.5937,0.3545,0.0718,0.8066,0.0000,0.0000,0.0000,0.0000
1771971270.6944,0.3545,0.0718,0.8066,0.0000,0.0000,0.0000,0.0000
1771971270.7272,0.3734,0.0760,0.8503,1.3410,0.5756,0.1294,1.3347
1771971270.7605,0.3734,0.0760,0.8503,0.0000,0.0000,0.0000,0.0000
1771971270.7939,0.3545,0.0718,0.8066,1.3145,-0.5642,-0.1269,-1.3084
1771971270.8274,0.3545,0.0718,0.8066,0.0000,0.0000,0.0000,0.0000
1771971270.8606,0.3572,0.0727,0.8129,0.1895,0.0818,0.0277,0.1875
1771971270.8939,0.3545,0.0718,0.8066,0.1888,-0.0814,-0.0275,-0.1867
1771971270.9276,0.3545,0.0718,0.8066,0.0000,0.0000,0.0000,0.0000
1771971270.9607,0.3545,0.0718,0.8066,0.0000,0.0000,0.0000,0.0000
1771971270.9940,0.3734,0.0760,0.8503,1.3172,0.5654,0.1271,1.3110
1771971271.0274,0.3545,0.0718,0.8066,1.3158,-0.5648,-0.1270,-1.3096
1771971271.0616,0.3572,0.0727,0.8129,50.2535,18.5143,-6.2476,-49.8636
1771971271.0953,0.3545,0.0718,0.8066,0.1869,-0.0806,-0.0273,-0.1848
1771971271.1947,0.3545,0.0718,0.8066,1.3897,-0.6068,-0.1331,-1.3833
1771971271.2280,0.3545,0.0718,0.8066,0.0000,0.0000,0.0000,0.0000
1771971271.2609,0.3572,0.0727,0.8129,0.1915,0.0826,0.0280,0.1895
1771971271.2943,0.3545,0.0718,0.8066,0.1883,-0.0813,-0.0275,-0.1863
1771971271.3278,0.3734,0.0760,0.8503,1.3112,0.5628,0.1265,1.3051
1771971271.3610,0.3545,0.0718,0.8066,1.3241,-0.5684,-0.1278,-1.3179
1771971271.3946,0.3545,0.0718,0.8066,0.0000,0.0000,0.0000,0.0000
1771971271.4283,0.3734,0.0760,0.8503,1.3048,0.5601,0.1259,1.2987
1771971271.4610,0.3545,0.0718,0.8066,1.3415,-0.5758,-0.1295,-1.3353
1771971271.4950,0.3654,0.0743,0.8311,0.7256,0.3190,0.0743,0.7218
1771971271.5285,0.3792,0.0767,0.8629,0.9495,0.4121,0.0726,0.9467
1771971271.5622,0.3545,0.0718,0.8066,1.6799,-0.7333,-0.1475,-1.6734
1771971271.5946,0.3545,0.0718,0.8066,0.0000,0.0000,0.0000,0.0000
1771971271.6284,0.3545,0.0718,0.8066,0.0000,0.0000,0.0000,0.0000
1771971271.6612,0.3545,0.0718,0.8066,0.0000,0.0000,0.0000,0.0000
1771971271.6953,0.3545,0.0718,0.8066,0.0000,0.0000,0.0000,0.0000
1771971271.7281,0.3545,0.0718,0.8066,0.0000,0.0000,0.0000,0.0000
1771971271.7613,0.3545,0.0718,0.8066,0.0000,0.0000,0.0000,0.0000
1771971271.7956,0.3545,0.0718,0.8066,0.0000,0.0000,0.0000,0.0000
1771971271.8289,0.3545,0.0718,0.8066,0.0000,0.0000,0.0000,0.0000
1771971271.8613,0.3545,0.0718,0.8066,0.0000,0.0000,0.0000,0.0000
1771971271.8953,0.3545,0.0718,0.8066,0.0000,0.0000,0.0000,0.0000
1771971271.9283,0.3545,0.0718,0.8066,0.0000,0.0000,0.0000,0.0000
1771971271.9620,0.3572,0.0727,0.8129,0.1871,0.0807,0.0273,0.1851
1771971271.9952,0.3572,0.0727,0.8129,0.0000,0.0000,0.0000,0.0000
1771971272.0286,0.3545,0.0718,0.8066,0.1885,-0.0813,-0.0275,-0.1865
1771971272.0617,0.3545,0.0718,0.8066,0.0000,0.0000,0.0000,0.0000
1771971272.0961,0.3545,0.0718,0.8066,0.0000,0.0000,0.0000,0.0000
1771971272.1291,0.3545,0.0718,0.8066,0.0000,0.0000,0.0000,0.0000
1771971272.1618,0.3545,0.0718,0.8066,0.0000,0.0000,0.0000,0.0000
1771971272.1949,0.3545,0.0718,0.8066,0.0000,0.0000,0.0000,0.0000
1771971272.2285,0.3545,0.0718,0.8066,0.0000,0.0000,0.0000,0.0000
1771971272.3283,0.3662,0.0744,0.8324,47.3876,19.0121,-5.9267,-47.0155
1771971272.3619,0.3572,0.0727,0.8129,0.5841,-0.2676,-0.0506,-0.5819
1771971272.3952,0.3545,0.0718,0.8066,0.1893,-0.0817,-0.0276,-0.1873
1771971272.4285,0.3572,0.0727,0.8129,0.1889,0.0815,0.0276,0.1869
1771971272.4620,0.3734,0.0760,0.8503,1.1248,0.4823,0.0992,1.1205
1771971272.4957,0.3545,0.0718,0.8066,1.3029,-0.5593,-0.1257,-1.2968
1771971272.5296,0.3545,0.0718,0.8066,0.0000,0.0000,0.0000,0.0000
1771971272.5630,0.3734,0.0760,0.8503,1.3156,0.5647,0.1270,1.3095
1771971272.6628,0.3545,0.0718,0.8066,0.0000,0.0000,0.0000,0.0000
1771971272.6961,0.3545,0.0718,0.8066,0.0000,0.0000,0.0000,0.0000
1771971272.7288,0.3572,0.0727,0.8129,0.1926,0.0831,0.0281,0.1905
1771971272.7622,0.3572,0.0727,0.8129,0.0000,0.0000,0.0000,0.0000
1771971272.7954,0.3662,0.0744,0.8324,0.5914,0.2710,0.0512,0.5892
1771971272.8287,0.3545,0.0718,0.8066,0.7777,-0.3514,-0.0786,-0.7738
1771971272.8621,0.3545,0.0718,0.8066,0.0000,0.0000,0.0000,0.0000
1771971272.8956,0.3545,0.0718,0.8066,0.0000,0.0000,0.0000,0.0000
1771971272.9289,0.3572,0.0727,0.8129,0.1894,0.0817,0.0276,0.1874
1771971272.9624,0.3545,0.0718,0.8066,0.1879,-0.0811,-0.0274,-0.1859
1771971272.9965,0.3545,0.0718,0.8066,0.0000,0.0000,0.0000,0.0000
1771971273.0290,0.3545,0.0718,0.8066,0.0000,0.0000,0.0000,0.0000
1771971273.0632,0.3734,0.0760,0.8503,1.2844,0.5513,0.1240,1.2784
1771971273.0956,0.3572,0.0727,0.8129,1.1632,-0.4987,-0.1026,-1.1586
1771971273.1298,0.3545,0.0718,0.8066,0.1837,-0.0793,-0.0268,-0.1817
1771971273.1630,0.3545,0.0718,0.8066,0.0000,0.0000,0.0000,0.0000
1771971273.1963,0.3572,0.0727,0.8129,0.1892,0.0816,0.0276,0.1872
1771971273.2295,0.3545,0.0718,0.8066,0.1897,-0.0818,-0.0277,-0.1877
1771971273.2634,0.3545,0.0718,0.8066,0.0000,0.0000,0.0000,0.0000
1771971273.3959,0.3572,0.0727,0.8129,0.1931,0.0833,0.0282,0.1911
1771971273.4291,0.3654,0.0743,0.8311,0.5526,0.2443,0.0483,0.5504
1771971273.4631,0.3572,0.0727,0.8129,0.5401,-0.2389,-0.0472,-0.5381
1771971273.4968,0.3708,0.0757,0.8428,0.8921,0.4015,0.0878,0.8878
1771971273.5301,0.3572,0.0727,0.8129,0.9046,-0.4071,-0.0891,-0.9002
1771971273.5626,0.3545,0.0718,0.8066,0.1936,-0.0835,-0.0283,-0.1915
1771971273.5959,0.3545,0.0718,0.8066,0.0000,0.0000,0.0000,0.0000
1771971273.6965,0.3545,0.0718,0.8066,1.0415,-0.4561,-0.1124,-1.0354
1771971273.7295,0.3734,0.0760,0.8503,1.3290,0.5705,0.1283,1.3228
1771971273.7628,0.3545,0.0718,0.8066,1.3194,-0.5663,-0.1273,-1.3132
1771971273.7968,0.3545,0.0718,0.8066,0.0000,0.0000,0.0000,0.0000
1771971273.8294,0.3734,0.0760,0.8503,1.3450,0.5773,0.1298,1.3387
1771971273.8629,0.3545,0.0718,0.8066,1.3127,-0.5634,-0.1267,-1.3066
1771971273.8963,0.3734,0.0760,0.8503,1.3155,0.5647,0.1270,1.3094
