step,dt,v_x,v_y,v_z,w_x,w_y,w_z,a_x,a_y,a_z,aw_x,aw_y,aw_z
0,0.01,-1.0847601528024629e-05,0.00025157202064759484,-0.00044325827247980405,-0.0008737521898063297,-0.0002552785624257285,-0.0006369760486584189,-0.0010847601528024629,0.025157202064759486,-0.044325827247980405,-0.08737521898063297,-0.025527856242572845,-0.06369760486584189
1,0.01,-8.238539784867389e-05,0.0002052346695193761,-0.0009085419913344149,-0.0011467700147992483,-0.0022349216265695735,-0.0004549837478292597,-0.0071537796320649254,-0.004633735112821873,-0.046528371885461085,-0.027301782499291858,-0.19796430641438453,0.018199230082915924
2,0.01,0.0006053157408374158,-0.0001267682653655707,-0.0006269266713704795,-4.17260335968593e-05,-0.0031619724978237565,-0.0016046781495644296,0.06877011386860896,-0.03320029348849468,0.028161531996393544,0.1105043981202389,-0.09270508712541825,-0.11496944017351698
3,0.01,0.0013527276852792608,-0.0012606623375736245,0.00015565592678467547,0.0009258271916263133,-0.0015488091637253897,-0.001213637407775479,0.0747411944441845,-0.11338940722080539,0.0782582598155155,0.09675532252231726,0.16131633340983664,0.03910407417889505
4,0.01,0.0019122909917700128,-0.0034146424581115126,0.001417301863937869,0.0019656033550534695,0.0014604123533357677,0.0015958819827389073,0.0559563306490752,-0.21539801205378878,0.12616459371531935,0.10397761634271561,0.30092215170611575,0.2809519390514386
5,0.01,0.0038931496838645148,-0.006326758242059781,0.0035907761436467203,0.005269014755091718,0.003796546247751565,0.0044381153350821784,0.1980858692094502,-0.2912115783948268,0.21734742797088516,0.33034114000382486,0.23361338944157975,0.2842233352343272
6,0.01,0.006729412111651123,-0.010379047138220765,0.006794487452750184,0.010496368110989519,0.0073823389287716555,0.00729709277230087,0.2836262427786608,-0.4052288896160985,0.32037113091034636,0.52273533558978,0.3585792681020091,0.28589774372186905
7,0.01,0.010662039437117443,-0.014445887037248497,0.011218302343861829,0.0163949071169683,0.013678589146998137,0.012089473097609778,0.393262732546632,-0.406683989902773,0.44238148911116454,0.5898539005978781,0.6296250218226485,0.4792380325308908
8,0.01,0.015606571397384925,-0.01799992610552483,0.015298752821060769,0.022041644909302986,0.019639816624678914,0.016688929109246853,0.49445319602674814,-0.3554039068276336,0.408045047719894,0.5646737792334687,0.5961227477680774,0.4599456011637076
9,0.01,0.021929416002009414,-0.02040565087769078,0.01905932734967522,0.030404798700689316,0.022713265008481677,0.016348113860966452,0.6322844604624487,-0.24057247721659447,0.37605745286144515,0.836315379138633,0.30734483838027626,-0.034081524828040125
10,0.01,0.028082078410470397,-0.021396809149844553,0.02164901954352573,0.03342094765851159,0.026078025058197594,0.014446814421077054,0.6152662408460985,-0.0991158272153774,0.258969219385051,0.3016148957822278,0.3364760049715921,-0.19012994398893973
11,0.01,0.03407441343728198,-0.020955237969001225,0.02323938455043032,0.03634463111207957,0.0258600139088587,0.010398699921192965,0.599233502681158,0.04415711808433232,0.15903650069045872,0.2923683453567977,-0.0218011149338895,-0.4048114499884089
12,0.01,0.03898612234777135,-0.01952950690676182,0.022314472085684274,0.03585828774498355,0.023180778175556777,0.006350538534202114,0.4911708910489375,0.14257310622394037,-0.09249124647460452,-0.048634336709602155,-0.2679235733301927,-0.40481613869908506
13,0.01,0.044097444359701664,-0.017022465641777836,0.021254522506801467,0.034316669117343095,0.02035486902800905,-0.0006369282998039953,0.5111322011930313,0.25070412649839874,-0.10599495788828092,-0.15416186276404578,-0.2825909147547723,-0.6987466834006109
14,0.01,0.048271318102093015,-0.013448374823700546,0.019054981513666493,0.028835879810536327,0.014542907055001445,-0.007153433412958396,0.4173873742391353,0.35740908180772896,-0.21995409931349683,-0.5480789306806764,-0.5811961973007607,-0.65165051131544
15,0.01,0.051745202392811704,-0.010733956147453044,0.01716301930420813,0.027188265424885946,0.009236936737946894,-0.010737188915859132,0.3473884290718685,0.27144186762475025,-0.18919622094583646,-0.1647614385650384,-0.5305970317054549,-0.35837555029007345
16,0.01,0.055492409770503424,-0.0075270831523864224,0.014425961883278026,0.019496201328063317,0.007381950338118002,-0.015688486301295202,0.37472073776917214,0.3206872995066621,-0.27370574209301046,-0.7692064096822628,-0.18549863998288924,-0.49512973854360703
17,0.01,0.05904818514605204,-0.0057460252817505735,0.013857909385760711,0.016765052395195414,0.006264952113454876,-0.020382936939427033,0.3555775375548614,0.17810578706358485,-0.0568052497517315,-0.2731148932867901,-0.11169982246631258,-0.46944506381318307
18,0.01,0.06172034380260831,-0.004776382081085907,0.012738470535133155,0.014253265429263624,0.004283360495757019,-0.020957450911428102,0.2672158656556271,0.09696432006646669,-0.11194388506275549,-0.2511786965931791,-0.1981591617697857,-0.057451397200106974
19,0.01,0.06372156110142221,-0.004158836135817147,0.01174710207527789,0.012875387383862322,0.002834843536893809,-0.023194099064567538,0.20012172988139076,0.06175459452687596,-0.09913684598552634,-0.13778780454013012,-0.144851695886321,-0.22366481531394355
20,0.01,0.0659062551369096,-0.003713562194727315,0.010689130042110561,0.012367858237486429,-0.00033597345932107064,-0.028259112257505294,0.21846940354873895,0.044527394108983244,-0.10579720331673319,-0.050752914637589436,-0.31708169962148797,-0.5065013192937757
21,0.01,0.06792595190013483,-0.0033733660563524583,0.00995825797412155,0.012626964991117795,-0.0033980386560322467,-0.02724285725295249,0.20196967632252136,0.034019613837485675,-0.07308720679890102,0.02591067536313655,-0.3062065196711176,0.10162550045528079
22,0.01,0.06967694765620663,-0.0021474362647640735,0.007566875540345747,0.010427003378362306,-0.009317854230862605,-0.0318713332252223,0.1750995756071816,0.12259297915883846,-0.23913824337758027,-0.2199961612755488,-0.5919815574830358,-0.462847597226981
23,0.01,0.07082775813392203,-0.00041625077082014443,0.0047829534297074965,0.006059631416878527,-0.015793655879164682,-0.03518414149266707,0.11508104777153916,0.17311854939439292,-0.27839221106382517,-0.4367371961483779,-0.6475801648302077,-0.331280826744477
24,0.01,0.07245128123595053,0.0013495907703050653,0.003075449359966742,0.0027309781395396175,-0.017407594842399014,-0.037220018886414415,0.16235231020285015,0.17658415411252096,-0.17075040697407548,-0.33286532773389094,-0.16139389632343276,-0.20358773937473487
25,0.01,0.07381485559139153,0.00353333326223552,0.0005854698752421072,-0.0037551240562429034,-0.018294517554460734,-0.03686875855827775,0.13635743554410032,0.2183742491930454,-0.2489979484724634,-0.648610219578252,-0.0886922712061726,0.03512603281366663
26,0.01,0.07483005938318393,0.005146976531255489,-0.0011938297221424955,-0.007048744959837336,-0.019393353183406237,-0.03952221467455586,0.10152037917924,0.1613643269019969,-0.1779299597384603,-0.32936209035944325,-0.10988356289454976,-0.2653456116278108
27,0.01,0.07474621828994973,0.006067554227587614,-0.0033554943814389413,-0.010997404341875619,-0.02320320294387676,-0.037904767651015414,-0.00838410932341959,0.0920577696332125,-0.21616646592964459,-0.3948659382038282,-0.3809849760470527,0.1617447023540444
28,0.01,0.0755402539549191,0.006884450149978752,-0.004715677276159756,-0.013829287534972557,-0.023036625478138395,-0.04091140448451694,0.07940356649693625,0.08168959223911375,-0.1360182894720815,-0.2831883193096938,0.016657746573836844,-0.30066368335015237
29,0.01,0.07579244513165764,0.006819567778875527,-0.0069635418148168236,-0.01621419491626609,-0.026031259852132446,-0.03910324893492542,0.025219117673854024,-0.006488237110322412,-0.2247864538657067,-0.2384907381293533,-0.29946343739940545,0.18081555495915091
30,0.01,0.07571322307771912,0.006247304141806693,-0.007644217815021507,-0.017068144048363553,-0.029546728742417084,-0.03981851696228637,-0.007922205393851757,-0.057226363706883374,-0.0680676000204684,-0.0853949132097463,-0.35154688902846337,-0.07152680273609362
31,0.01,0.0750920643265961,0.005413038690009967,-0.008607510816965161,-0.018054006265845853,-0.03170690273579212,-0.03850656838159672,-0.06211587511230181,-0.08342654517967259,-0.09632930019436538,-0.09858622174822994,-0.21601739933750383,0.13119485806896425
32,0.01,0.07595389138976108,0.004659904889071381,-0.008199337219605972,-0.018781036100308963,-0.028060923437110454,-0.03712831846132187,0.0861827063164976,-0.07531338009385866,0.04081735973591886,-0.07270298344631122,0.36459792986816647,0.13782499202748522
33,0.01,0.07649521374977401,0.003991457340499581,-0.0064179244494756826,-0.018279075325112276,-0.024407241127887933,-0.03232824109102576,0.05413223600129281,-0.06684475485718001,0.17814127701302893,0.05019607751966872,0.3653682309222524,0.48000773702961197
34,0.01,0.07618262433134561,0.0029422824642999644,-0.004264801913054931,-0.018167919109574285,-0.020471740432940817,-0.03098439820885676,-0.031258941842840636,-0.10491748761996164,0.21531225364207518,0.0111156215537992,0.3935500694947115,0.13438428821689913
35,0.01,0.07618494348527242,0.001068678061667972,-0.0020937929925584973,-0.013037592944808662,-0.013464208876088683,-0.027218152076041856,0.0002319153926823942,-0.18736044026319926,0.2171008920496433,0.5130326164765623,0.7007531556852132,0.37662461328149005
36,0.01,0.07659880437707153,0.00028376893846100725,0.0008073334977664226,-0.008890916469436318,-0.010825818802263937,-0.024000051958788737,0.041386089179911205,-0.07849091232069647,0.290112649032492,0.4146676475372344,0.26383900738247484,0.32181001172531215
37,0.01,0.07669555864677485,-0.0006282744117201397,0.002617265468819659,-0.007646746216081501,-0.005876576759740401,-0.018852988426297807,0.009675426970330971,-0.09120433501811467,0.1809931971053237,0.1244170253354818,0.49492420425235356,0.5147063532490931
38,0.01,0.07584809848168059,-0.002113789002996311,0.0036474406917223526,-0.0014240379680097266,-0.007010755717484116,-0.01848583793671223,-0.08474601650942593,-0.14855145912761716,0.10301752229026927,0.6222708248071773,-0.11341789577437152,0.036715048958557706
39,0.01,0.07634299910657392,-0.0023773904225831755,0.004486743594381315,0.004040726954950661,-0.007743069542245501,-0.017652402446398634,0.04949006248933334,-0.026360141958686457,0.08393029026589621,0.5464764922960387,-0.07323138247613856,0.08334354903135961
40,0.01,0.07709611049599918,-0.0007934878407347674,0.003803929862144415,-0.0004150800316248522,-0.009016550702248263,-0.01717277677913723,0.07531113894252633,0.15839025818484084,-0.06828137322368993,-0.4455806986575513,-0.12734811600027618,0.04796256672614036
41,0.01,0.07787846566369587,0.00021942069832656027,0.0031434165555748964,-0.002937812065568417,-0.006166798610354252,-0.018193599843662114,0.07823551676966876,0.10129085390613272,-0.06605133065695185,-0.2522732033943565,0.2849752091894012,-0.10208230645248838
42,0.01,0.07851921150156162,0.0003304379597494095,0.0029010373254748398,0.003589010269518622,-0.00845557101528716,-0.02221807975643766,0.06407458378657485,0.011101726142284935,-0.02423792301000566,0.6526822335087038,-0.22887724049329078,-0.4024479912775548
43,0.01,0.07882574713105302,0.0011575778026457948,0.002827906804432396,0.002065571314610824,-0.008522830618541335,-0.021906726874018727,0.030653562949139863,0.08271398428963854,-0.007313052104244406,-0.1523438954907798,-0.0067259603254175284,0.03113528824189361
44,0.01,0.0781433572994668,0.00191343015176885,0.0023464136279843545,-0.0020470067417021477,-0.007508245401379677,-0.02102204497161999,-0.06823898315862305,0.07558523491230547,-0.04814931764480411,-0.4112578056312971,0.10145852171616569,0.08846819023987326
45,0.01,0.07834654188424883,0.000870746551461117,0.002358269389169019,0.00099185839535042,-0.005521281020968241,-0.02052953278008369,0.02031845847820495,-0.10426836003077325,0.0011855761184663882,0.30388651370525677,0.19869643804114362,0.04925121915362972
46,0.01,0.07745859829704015,-0.00038984189011385056,0.0019899033102079903,0.0022816841349108065,-0.007432636664813094,-0.01701022849900472,-0.0887943587208698,-0.12605884415749674,-0.03683660789610281,0.12898257395603863,-0.19113556438448523,0.3519304281078975
47,0.01,0.07592368135970162,-8.248710133989445e-05,0.001198331306114829,-0.005932544688273233,-0.006655490778477973,-0.012280224503556285,-0.1534916937338522,0.0307354788773956,-0.07915720040931608,-0.8214228823184041,0.07771458863351205,0.47300039954484363
48,0.01,0.07550385070208993,-0.00042599673662943756,-0.0002816048095049481,-0.009446177759334273,-0.003470467107766893,-0.008963516434039306,-0.041983065761169155,-0.03435096352895431,-0.1479936115619778,-0.3513633071061038,0.31850236707110796,0.331670806951698
49,0.01,0.07564388292065088,-0.0014658558731979444,-0.0006199592941925968,-0.010872548908768154,0.0008221735287110108,-0.006585859297518303,0.014003221856095927,-0.10398591365685067,-0.03383544846876492,-0.14263711494338824,0.42926406364779035,0.23776571365210022
50,0.01,0.07459367099346809,-0.0012801732153922512,-0.0008983005076659024,-0.011551511556004848,-0.0026052843882109823,-0.006765687254515595,-0.10502119271827962,0.01856826578056933,-0.027834121347330498,-0.06789626472366947,-0.3427457916921993,-0.017982795699729257
51,0.01,0.07510281302253417,-0.0007655426132565069,-0.0009408836438369354,-0.011446578691191398,-0.0013088992265089506,-0.009269080607629333,0.05091420290660842,0.05146306021357441,-0.004258313617103334,0.01049328648134515,0.12963851617020317,-0.2503393353113738
52,0.01,0.07579653285154556,-0.000750438342110156,-0.00010348242106248048,-0.007370145374776479,0.0002743096376661839,-0.00894003538331112,0.0693719829011378,0.0015104271146350633,0.08374012227744548,0.4076433316414918,0.15832088641751343,0.032904522431821424
53,0.01,0.07560326376751202,-0.0004818382546500982,0.0003845554465159964,-0.005867441763110458,-0.0031956016205282566,-0.012343290801398607,-0.019326908403354222,0.02686000874600579,0.04880378675784773,0.1502703611666021,-0.346991125819444,-0.3403255418087489
54,0.01,0.076352506380728,-0.00010026054767194509,0.0001201228381822555,-0.0021933912516755635,-0.008305499753883483,-0.014541578078433946,0.07492426132159988,0.03815777069781532,-0.026443260833374133,0.3674050511434894,-0.5109898133355227,-0.21982872770353384
55,0.01,0.07742130874230578,0.0006293109564105957,0.00016475597007598085,-0.0026371880652725534,-0.007522600127740538,-0.01224357834946774,0.10688023615777782,0.07295715040825407,0.004463313189372534,-0.044379681359698976,0.07828996261429452,0.22979997289662082
56,0.01,0.07744073122626702,0.0010888977619684607,-0.00012121201483137908,-0.004690690211989231,-0.008710137305666565,-0.012863733467752332,0.0019422483961232897,0.04595868055578652,-0.02859679849073592,-0.20535021467166772,-0.11875371779260263,-0.06201551182845939
57,0.01,0.07803092268330483,0.0009369098657328941,-0.0004380075279139221,-0.001966790860084146,-0.01212274881443513,-0.01691517779734168,0.05901914570378105,-0.0151987896235567,-0.031679551308254346,0.27238993519050847,-0.34126115087685643,-0.4051444329589347
58,0.01,0.07936190280518958,0.0013405695392844543,-0.0011391648343029445,-0.0012877019558235193,-0.01059931421190511,-0.01601026120422389,0.13309801218847475,0.04036596735515603,-0.07011573063890225,0.06790889042606268,0.15234346025300188,0.09049165931177888
59,0.01,0.0797605009893746,0.00103958401099537,-0.001222083414735438,-0.0008634732984553842,-0.010038625643849435,-0.014791232585182045,0.039859818418501225,-0.03009855282890841,-0.008291858043249344,0.04242286573681353,0.05606885680556748,0.12190286190418445
60,0.01,0.07971218850024654,0.00038480169103511573,-0.0013993663842207923,-0.0015529053712108496,-0.008115140933649847,-0.014671904706643873,-0.004831248912804368,-0.06547823199602544,-0.017728296948535432,-0.06894320727554654,0.19234847101995883,0.011932787853817304
61,0.01,0.08010151369764969,-0.0003359845228123036,-0.0010101827888328258,0.0012961121134402074,-0.005898474974349283,-0.0140228830924842,0.03893251974031347,-0.07207862138474193,0.03891835953879664,0.2849017484651057,0.2216665959300565,0.06490216141596737
62,0.01,0.07962077590769369,-0.0006161136429559486,-0.0008611961455767539,-0.0009224809979910175,-0.004982424043554561,-0.011839440669789996,-0.0480737789955994,-0.028012912014364486,0.014898664325607217,-0.22185931114312246,0.09160509307947204,0.21834424226942045
63,0.01,0.07901348076825766,-0.0017328099571625815,0.000179711529135022,-5.588310591042687e-05,-0.005913605402643177,-0.009066717228969687,-0.06072951394360219,-0.1116696314206633,0.10409076747117756,0.08665978920805904,-0.0931181359088616,0.27727234408203066
64,0.01,0.07863250180207296,-0.001945809650413516,0.0003734165097630197,-0.001811875010056208,-0.005463589828401514,-0.006758670360910193,-0.03809789661847058,-0.02129996932509345,0.019370498062799786,-0.1755991904145781,0.04500155742416645,0.2308046868059495
65,0.01,0.07706035796785746,-0.0029947028174557295,0.0021705267219045443,0.002757701998306459,-0.004481578189174206,-0.002820038871622667,-0.15721438342155072,-0.10488931670422137,0.1797110212141524,0.4569577008362667,0.09820116392273072,0.3938631489287525
66,0.01,0.07624623748759568,-0.003803249728762176,0.002567601766973523,0.0031293382762821913,-0.003673635960920861,0.0014878008061947308,-0.08141204802617696,-0.0808546911306446,0.039707504506897896,0.03716362779757321,0.08079422282533452,0.4307839677817398
67,0.01,0.07631755703139885,-0.0038879157310829637,0.0031285149831183734,0.004226847664036953,-0.0010159206677700717,0.004185635984180401,0.007131954380316425,-0.008466600232078781,0.056091321614485136,0.1097509387754761,0.2657715293150789,0.269783517798567
68,0.01,0.07555739655392853,-0.004154378589915038,0.003775308882392626,0.005232972121754403,0.0010414611472533163,0.004982457805927042,-0.07601604774703155,-0.026646285883207433,0.06467938992742522,0.10061244577174507,0.2057381815023388,0.07968218217466412
69,0.01,0.07577702311727512,-0.00380350269599474,0.004904056030936651,0.006934024437342493,0.003649542638422511,0.006349688286829593,0.021962656334658232,0.03508758939202979,0.11287471485440237,0.17010523155880908,0.26080814911691946,0.13672304809025507
70,0.01,0.07667087279389252,-0.003105976186702838,0.004276554086224894,0.005103072939974095,0.003440731086905558,0.0040657377563201695,0.08938496766174135,0.0697526509291902,-0.0627501944711756,-0.18309514973683988,-0.02088115515169529,-0.22839505305094238
71,0.01,0.07710877704496384,-0.0024843978568204923,0.0042333606267138555,0.006337222951484466,-0.00011682454226026765,0.0006477260471913535,0.04379042510713168,0.062157832988234546,-0.004319345951103906,0.12341500115103704,-0.3557555629165825,-0.3418011709128816
72,0.01,0.07762870034263754,-0.0019718803816123347,0.0030887378688008336,0.004884804847837384,-0.00240598206985698,-0.0017842322404621172,0.051992329767369075,0.051251747520815766,-0.11446227579130214,-0.14524181036470812,-0.22891575275967127,-0.24319582876534707
73,0.01,0.07926121796827951,-0.001168844200773313,0.0024784400729103216,0.006328115995215124,-0.004570943038028019,-0.005085420641678217,0.16325176256419763,0.08030361808390218,-0.06102977958905122,0.14433111473777405,-0.21649609681710388,-0.33011884012160986
74,0.01,0.07918209412288704,-0.000305536169039173,0.0007888431217083048,0.004482330790855938,-0.008262722506358674,-0.009824992726989923,-0.007912384539246479,0.08633080317341396,-0.1689596951202017,-0.18457852043591869,-0.3691779468330654,-0.4739572085311705
75,0.01,0.08000263451837336,0.0005580049541391327,-0.0005736356116837144,0.0003785359686143254,-0.008555133244659624,-0.011793457113568728,0.08205403954863114,0.08635411231783056,-0.13624787333920194,-0.4103794822241612,-0.029241073830095148,-0.19684643865788054
76,0.01,0.08069268695415059,0.0016455475926054149,-0.001625401481090103,-0.0031223572991703192,-0.009032611239924585,-0.011616050546749447,0.06900524357772399,0.10875426384662822,-0.10517658694063882,-0.3500893267784645,-0.0477477995264961,0.017740656681928132
77,0.01,0.08049147410665383,0.002076281530208099,-0.0020560157077476886,-0.005162980953014057,-0.009512787120670484,-0.010809030907432703,-0.020121284749676265,0.043073393760268454,-0.04306142266575856,-0.20406236538437375,-0.048017588074589855,0.08070196393167424
78,0.01,0.0792889641945648,0.0021513088349028936,-0.002486598046099824,-0.009354657596842028,-0.010996952330112953,-0.010221040796357113,-0.1202509912089034,0.007502730469479452,-0.043058233835213566,-0.419167664382797,-0.14841652094424684,0.0587990111075591
79,0.01,0.0791292157897963,0.00075093108350755,-0.001730194953504579,-0.008436017897134869,-0.0081417692126529,-0.007627337403147406,-0.015974840476850084,-0.1400377751395344,0.07564030925952453,0.0918639699707159,0.2855183117460052,0.2593703393209707
80,0.01,0.07847600066887166,-0.00021970535338352104,-0.0010634212242615043,-0.005600834854095166,-0.01022407832723287,-0.006820657356037251,-0.06532151209246481,-0.09706364368910711,0.06667737292430748,0.28351830430397024,-0.20823091145799685,0.0806680047110154
81,0.01,0.07725364048761735,-0.0009207227203428144,-0.0006095918141984391,-0.005769459183411299,-0.009011983353157352,-0.004702523374926633,-0.12223601812543064,-0.07010173669592933,0.0453829410063065,-0.016862432931613377,0.12120949740755173,0.21181339811106187
82,0.01,0.07698856832749693,-0.001004366588316002,-0.00017959829832233856,-0.006639766741489823,-0.006227956533081436,-0.0023776241728020167,-0.026507216012041306,-0.008364386797318754,0.04299935158761005,-0.08703075580785226,0.27840268200759155,0.2324899202124616
83,0.01,0.07673289813190871,-0.0014885794556426207,-7.156585433882424e-05,-0.006164914537641394,-0.0025596676785889744,0.003167314094787585,-0.025567019558822488,-0.04842128673266185,0.010803244398351428,0.047485220384842874,0.36682888544924613,0.5544938267589602
84,0.01,0.07649828103532236,-0.0009553296744478293,-0.0008746608514545591,-0.00892801110129609,-0.003486284032843033,0.005575668148841585,-0.023461709658635484,0.053324978119479116,-0.08030949971157347,-0.2763096563654695,-0.09266163542540586,0.24083540540540002
85,0.01,0.07586334130686533,-0.0004612786568406864,-0.0018079416204071894,-0.012588815409503884,-0.002436072124701648,0.005266003566840604,-0.06349397284570205,0.04940510176071429,-0.09332807689526303,-0.36608043082077946,0.10502119081413852,-0.03096645820009811
86,0.01,0.07578416672523491,-0.0010375287916912245,-0.0016275173371760475,-0.009026793833798988,-0.001847962745660871,0.00475881803873909,-0.007917458163042354,-0.05762501348505378,0.018042428323114184,0.35620215757048956,0.058810937904077654,-0.050718552810151425
87,0.01,0.07563976906678421,-0.0015997741064184222,-0.001144415028603076,-0.0063637475189502555,-0.00321712381859519,0.003253815450024454,-0.014439765845068956,-0.05622453147271978,0.04831023085729716,0.2663046314848732,-0.13691610729343187,-0.15050025887146357
88,0.01,0.07626384375718294,-0.001215756757995795,-0.0015448287591130752,-0.006128396949310264,-0.004207251798224607,-0.002379343899821478,0.06240746903987219,0.03840173484226272,-0.040041373050999925,0.023535056963999188,-0.09901279796294164,-0.5633159349845932
89,0.01,0.07758495305824423,-0.0009773743167237829,-0.0010810979004273746,-0.0057035088121192325,-0.003869208591643898,-0.005959959720870446,0.1321109301061288,0.02383824412720121,0.04637308586857007,0.042488813719103076,0.033804320658070874,-0.35806158210489686
90,0.01,0.07860673408174436,-0.0007906548834571902,0.0009721948149076089,-0.00025869838118914565,-0.0026638122244906537,-0.004795687436199139,0.10217810235001348,0.01867194332665929,0.20532927153349836,0.5444810430930087,0.12053963671532439,0.11642722846713072
91,0.01,0.07971426870211379,6.937961288944524e-05,0.0003509262908069301,-0.0036923195668040255,-0.0030401093315688514,-0.004611914270823874,0.11075346203694209,0.08600344963466353,-0.06212685241006792,-0.34336211856148796,-0.037629710707819806,0.01837731653752648
92,0.01,0.08067044204811781,0.00017450966240694935,0.00022176818393546593,-0.002472883294882692,-0.005014823135578531,-0.005833552365253706,0.09561733460040245,0.010513004951750416,-0.012915810687146404,0.12194362719213334,-0.19747138040096796,-0.12216380944298319
93,0.01,0.08093320837010619,-0.0001578682195909885,0.0012452060101631121,0.001757442233978066,-0.008214323971612503,-0.006769976368390237,0.026276632198837295,-0.033237788199793776,0.10234378262276465,0.4230325528860758,-0.31995008360339716,-0.09364240031365305
94,0.01,0.07989112940486431,3.258017294766325e-05,0.0023552920593912837,0.005447696091596382,-0.009117085586883057,-0.006255791489101383,-0.10420789652418734,0.019044839253865166,0.11100860492281713,0.3690253857618315,-0.09027616152705527,0.05141848792888535
95,0.01,0.0798809883059349,-0.0007377079803267603,0.0023328624773247004,0.006607091752213955,-0.009992262416285685,-0.004730376134314192,-0.0010141098929404447,-0.07702881532744234,-0.002242958206658337,0.11593956606175732,-0.08751768294026284,0.15254153547871913
96,0.01,0.07922621189380005,-0.0021969136409827183,0.003916254078051852,0.012126798408571218,-0.009945792534190376,-0.003360303711427252,-0.06547764121348489,-0.1459205660655958,0.15833916007271526,0.5519706656357264,0.004646988209530832,0.137007242288694
97,0.01,0.07905363222784265,-0.003025440568488594,0.005539460958846987,0.013494327135548975,-0.00749080770207327,-0.00033523999179455835,-0.01725796659574069,-0.08285269275058757,0.1623206880795135,0.1367528726977757,0.2454984832117107,0.3025063719632694
98,0.01,0.0787882625525013,-0.003923873247517508,0.006732994668006926,0.013082451070942048,-5.166420172829943e-05,0.0061157662382425775,-0.026536967534133774,-0.08984326790289136,0.11935337091599381,-0.04118760646069274,0.7439143500344969,0.6451006230037135
99,0.01,0.07827692890794678,-0.0050379496187882775,0.006632962596149457,0.014768033913035338,0.0012112180403823889,0.0073556801342465235,-0.051133364455452524,-0.11140763712707692,-0.010003207185746883,0.168558284209329,0.12628822421106886,0.12399138960039469
100,0.01,0.07792009182037177,-0.0055396200547316535,0.0057675136950518955,0.013313169147973567,0.0026696410855118705,0.00725495788013992,-0.03568370875750172,-0.05016704359433763,-0.08654489010975616,-0.14548647650617716,0.1458423045129481,-0.010072225410660376
101,0.01,0.0768474584159063,-0.005966384432241253,0.004404931306187339,0.009581624596588978,0.00477008627931657,0.011955833756387193,-0.10726334044654623,-0.04267643775095995,-0.13625823888645566,-0.3731544551384589,0.21004451938046995,0.47008758762472713
102,0.01,0.07546347162150602,-0.005273507907101803,0.0025517750630288443,0.0042735999065932175,0.004695138272825914,0.01474338242073642,-0.13839867944002887,0.06928765251394498,-0.18531562431584944,-0.530802468999576,-0.007494800649065579,0.278754866434923
103,0.01,0.07504727400719347,-0.004918952826681255,0.0009041365888806061,0.002613015148171533,0.003413006836866743,0.014591715372402442,-0.04161976143125475,0.03545550804205488,-0.1647638474148239,-0.16605847584216848,-0.1282131435959171,-0.015166704833397788
104,0.01,0.07489454832581297,-0.004865992871050396,-0.00017871283821551426,-2.711848723070984e-05,0.003743038503066522,0.018316507468827344,-0.015272568138050776,0.00529599556308575,-0.10828494270961202,-0.26401336354022426,0.03300316661997786,0.3724792096424901
105,0.01,0.07515638158899804,-0.003523289129723731,-0.0013263642892824845,-0.004821443252249943,0.0020457113003473017,0.018443479018576053,0.026183326318507213,0.13427037413266654,-0.11476514510669698,-0.47943247650192333,-0.16973272027192207,0.012697154974870778
106,0.01,0.07619903325325782,-0.002725889004699524,-0.0007998631750789984,-0.0017488904107641904,0.0008447487052083248,0.014982974000548419,0.10426516642597775,0.0797400125024207,0.05265011142034858,0.3072552841485753,-0.12009625951389769,-0.3460505018027633
107,0.01,0.07736205190598613,-0.0015023610038180262,-0.000987681659240297,0.0005089879522717414,-0.001691857847229539,0.011448298937549197,0.11630186527283283,0.12235280008814979,-0.01878184841612983,0.22578783630359317,-0.2536606552437864,-0.35346750629992224
108,0.01,0.07901440783045378,4.64445044587321e-06,-0.0013245576778467168,-0.0011590836855457157,-0.004317848468604812,0.0069695129375444516,0.1652355924467644,0.15070054542638997,-0.033687601860641965,-0.1668071637817457,-0.2625990621375273,-0.4478786000004745
109,0.01,0.08029976643854826,0.001649961378854262,-0.0009579496793415045,-0.002857204105098379,-0.0059440647167787256,0.0035757832023042935,0.1285358608094484,0.16453169284083882,0.03666079985052122,-0.16981204195526634,-0.1626216248173913,-0.33937297352401574
110,0.01,0.08105605545407428,0.001825360118592819,1.870881584140489e-05,-4.3101448322257364e-06,-0.005212734358461303,0.0035544976866520007,0.07562890155260116,0.017539873973855688,0.09766584951829091,0.28528939602661535,0.07313303583174227,-0.0021285515652292837
111,0.01,0.08115194529224246,0.002677364765377971,-4.976048063354342e-05,-0.0022492927425238735,-0.0064048423442880165,0.0013293266964410722,0.009588983816817288,0.0852004646785152,-0.006846929647494833,-0.22449825976916477,-0.1192107985826713,-0.22251709902109282
112,0.01,0.08091347251309183,0.0017795058348058516,0.0005143243203192921,-0.0019198824537098522,-0.006389956704013823,0.0008354132914621659,-0.02384727791506177,-0.08978589305721188,0.056408480095283535,0.032941028881402115,0.0014885640274193035,-0.04939134049789063
113,0.01,0.08001710328809632,0.0008462406620457931,0.0005436375064716609,-0.0005172508800839056,-0.008902811377996271,0.0007246449379776648,-0.08963692249955141,-0.0933265172760059,0.002931318615236886,0.14026315736259468,-0.2512854673982448,-0.011076835348450113
114,0.01,0.07971722068152083,-4.379928755523587e-05,0.0006696853690279785,0.00235779331458525,-0.009107265760740956,0.0029325237101114356,-0.02998826065754952,-0.0890039949601029,0.01260478625563174,0.2875044194669156,-0.02044543827446862,0.22078787721337712
115,0.01,0.07819216144367926,0.00012508027420285065,0.0008748292170555405,0.001905594045937534,-0.012437738979255422,0.002783313152348284,-0.15250592378415753,0.016887956175808662,0.020514384802756268,-0.04521992686477163,-0.33304732185144653,-0.01492105577631515
116,0.01,0.07844132226503682,-0.00046285899708118955,0.0010988024970790997,0.0012783778608630102,-0.006324138299159894,0.004278367918643638,0.02491608213575747,-0.058793927128404005,0.02239732800235593,-0.06272161850745239,0.6113600680095529,0.1495054766295353
117,0.01,0.078203322688931,-0.0010288890869538374,0.0014639952383372994,0.0015675832866214323,-0.0038658706911562043,0.004028085902990385,-0.023799957610582876,-0.056603008987264794,0.03651927412581988,0.028920542575842208,0.24582676080036897,-0.025028201565325148
118,0.01,0.07746982204322829,-0.0010795193387762778,0.002526235336018816,0.00020071564680867153,0.0008143836799200731,0.008492525186036198,-0.07335006457027028,-0.00506302518224402,0.10622400976815168,-0.13668676398127605,0.4680254371076277,0.4464439283045813
119,0.01,0.07608907010539127,-0.0014638708076379252,0.0025830648383486925,-0.002447537621473208,0.001470617891919966,0.008708282242221558,-0.13807519378370134,-0.03843514688616478,0.005682950232987664,-0.264825326828188,0.06562342119998929,0.02157570561853584
120,0.01,0.0761044382132254,-0.002697373978515675,0.002417413230210087,-0.001495154453803852,0.004907836924113814,0.010245927453864894,0.0015368107834128077,-0.12335031708777498,-0.016565160813860544,0.09523831676693562,0.3437219032193847,0.15376452116433376
121,0.01,0.0757065570181953,-0.003156629868060407,0.002536604009888981,-0.0009340940452973637,-0.0006690421917008667,0.008817877888178127,-0.039788119503011164,-0.04592558895447323,0.011919077967889397,0.05610604085064884,-0.557687911581468,-0.14280495656867687
122,0.01,0.07566853250418464,-0.0029558578727541455,0.0024649712612923786,-0.0009693074753072614,-0.0007420016022220374,0.008846505427485864,-0.003802451401065698,0.020077199530626196,-0.0071632748596602526,-0.0035213430009897718,-0.007295941052117073,0.002862753930773607
123,0.01,0.07544277082741549,-0.002573497838865648,0.00046771032057535845,-0.00416364601749704,-0.0044359702131000645,0.008448893130730075,-0.02257616767691449,0.038236003388849714,-0.19972609407170197,-0.3194338542189779,-0.3693968610878028,-0.0397612296755787
124,0.01,0.07665761555283566,-0.0023997853354360086,0.00011990923517226777,-0.0036878536761373306,-0.0029425029310739545,0.008187702746080418,0.12148447254201679,0.01737125034296395,-0.03478010854030907,0.047579234135971,0.14934672820261108,-0.02611903846496583
125,0.01,0.07725805497085829,-0.0021005479516890513,-0.0003140736214693596,-0.003267373307150621,-0.004431332319920382,0.008062358992004028,0.06004394180226231,0.02992373837469576,-0.04339828566416274,0.042048036898670954,-0.14888293888464282,-0.01253437540763885
126,0.01,0.0779611324599069,-0.0013194111950718896,-0.0006839219673998036,-0.0033581221418404355,-0.00261685759590613,0.006831835525278336,0.07030774890486151,0.07811367566171615,-0.03698483459304437,-0.009074883468981434,0.1814474724014252,-0.12305234667256923
127,0.01,0.07914608446345166,-0.0013394938348462514,-0.000672075435161118,0.0012568142869638927,-0.0023609827619326734,0.006507899429230872,0.11849520035447601,-0.002008263977436183,0.0011846532238685202,0.46149364288043276,0.02558748339734569,-0.032393609604746354
128,0.01,0.08028716957618086,-0.0011167078601530913,0.00026717766269437914,0.003803810695114667,-0.0006911905106151586,0.005068984835585619,0.11410851127291982,0.022278597469315993,0.09392530978554975,0.25469964081507745,0.16697922513175148,-0.1438914593645253
129,0.01,0.08039483877285471,-0.00033908431440677283,0.00048429811844670923,0.003382497804711939,-0.003224652758248951,0.003866363493168961,0.010766919667384781,0.07776235457463186,0.021712045575232965,-0.04213128904027283,-0.2533462247633792,-0.12026213424166586
130,0.01,0.08079854165063838,0.0002994918368674263,0.0006645920400095258,0.0024627747793173355,-0.002110409969840079,-0.001060814341985998,0.040370287778367465,0.0638576151274199,0.018029392156281684,-0.09197230253946036,0.11142427884088721,-0.49271778351549583
131,0.01,0.0803233159732077,0.0007286588783231508,0.0008106703413634991,0.0015412133876313502,-0.0050040077656689766,0.00019695485913810164,-0.04752256774306845,0.04291670414557246,0.014607830135397282,-0.09215613916859851,-0.2893597795828897,0.12577692011240996
132,0.01,0.07966860110339738,0.000820266906158885,-0.0001334521528909248,-0.002987738966571324,-0.005897537810504682,0.0008957940028146774,-0.06547148698103102,0.009160802783573438,-0.09441224942544232,-0.4528952354202674,-0.08935300448357064,0.06988391436765758
133,0.01,0.07881308314135303,0.0004923918501839568,0.0006555837075880161,-0.0013544715343711256,-0.005452929598065154,-0.0006416381940184292,-0.085551796204435,-0.032787505597492834,0.07890358604789406,0.16332674322001983,0.04446082124395272,-0.15374321968331064
134,0.01,0.07817042931892018,-0.00019300261027866336,0.0003350152470569013,-0.0008573363704362887,-0.004818369618063,-0.0016918482212764532,-0.06426538224328539,-0.06853944604626201,-0.032056846053111474,0.04971351639348369,0.06345599800021548,-0.10502100272580238
135,0.01,0.07765351958145988,-0.0009772413165666045,0.0008014121183047743,0.00026705156667299653,-0.002196369360314346,0.0012095462002915422,-0.0516909737460302,-0.07842387062879413,0.04663968712478732,0.11243879371092853,0.2622000257748654,0.2901394421567995
136,0.01,0.07686469529687628,-0.001934312586127727,0.0010896628162161864,0.0009442774060192528,-0.000569442054223297,0.003676204373292721,-0.07888242845835973,-0.0957071269561122,0.028825069791141203,0.06772258393462562,0.16269273060910489,0.24666581730011794
137,0.01,0.0763271167588347,-0.0020511613597583175,0.0012336800856881274,-0.0014902740451788854,0.0020657398081208233,0.0068097601821896754,-0.0537578538041573,-0.011684877363059067,0.014401726947194101,-0.24345514511981384,0.26351818623441203,0.31335558088969534
138,0.01,0.07624537446417588,-0.002131338261731861,0.0006800205105204753,-0.0007778997145453004,-0.0010552447181454172,0.008454447938478458,-0.00817422946588264,-0.008017690197354344,-0.05536595751676522,0.07123743306335849,-0.312098452626624,0.1644687756288782
139,0.01,0.0763432272953595,-0.0027158763375936456,0.0014879911132813113,0.0031458706460089935,-0.002816641243527303,0.00792130553259385,0.009785283118361725,-0.05845380758617847,0.08079706027608358,0.39237703605542945,-0.17613965253818858,-0.05331424058846088
140,0.01,0.0763793499403334,-0.0023694855546431263,0.0016506591240962826,0.000864570322764387,-0.00507143031214304,0.007432453992610201,0.003612264497388902,0.03463907829505192,0.016266801081497143,-0.22813003232446064,-0.22547890686157362,-0.04888515399836474
141,0.01,0.07670329437212575,-0.00198013093018041,0.0019600665403299478,0.0019785152523722886,-0.007586255122643056,0.006170443377964724,0.03239444317923602,0.038935462446271614,0.030940741623366505,0.11139449296079015,-0.25148248105000176,-0.12620106146454765
142,0.01,0.07718166896899945,-0.0015563369130054045,0.002503089323156681,0.00347405861067546,-0.008706947574439038,0.0029587180404461164,0.04783745968736974,0.04237940171750059,0.05430227828267337,0.14955433583031716,-0.11206924517959806,-0.32117253375186083
143,0.01,0.07754563492554062,-0.0019454777979979003,0.0027441437785589388,0.0024987034036154463,-0.005917340487100015,-0.00029387221021847195,0.036396595654117625,-0.03891408849924957,0.024105445540225732,-0.0975355207060014,0.2789607087339023,-0.3252590250664588
144,0.01,0.07801288857434563,-0.0018136980170558497,0.0031958979655495466,0.001774336146674031,-0.005207878656961421,-0.0020741519829444856,0.04672536488049985,0.01317797809420505,0.04517541869906082,-0.07243672569414152,0.07094618301385941,-0.17802797727260136
145,0.01,0.0776350307759217,-0.0019261370468478577,0.002594187904011895,0.0026102432936759307,-0.007258177879919446,-0.0012475101372334835,-0.037785779842393105,-0.011243902979200802,-0.06017100615376517,0.08359071470018996,-0.20502992229580244,0.08266418457110017
146,0.01,0.07738629016720532,-0.0023590326490611187,0.0019313863707188,0.0030797633296200033,-0.00553567148594233,-0.0020368844392291267,-0.02487406087163827,-0.043289560221326115,-0.06628015332930952,0.046952003594407266,0.17225063939771157,-0.0789374301995643
147,0.01,0.07614539367441132,-0.0029985081531553196,0.0014553149581893905,0.0013276625288988922,-0.00890948256218467,-0.0013048842759526198,-0.12408964927939849,-0.06394755040942009,-0.047607141252940924,-0.1752100800721111,-0.33738110762423407,0.07320001632765066
148,0.01,0.07588094093413793,-0.0028717750611557697,0.0009608831349200229,-0.00011074161843877217,-0.010207472704006062,0.0012226423968198195,-0.026445274027339625,0.012673309199954996,-0.04944318232693677,-0.14384041473376644,-0.12979901418213913,0.252752667277244
149,0.01,0.07544792076854115,-0.002364603347883207,0.0003044946165083609,-0.0029961200846785373,-0.0059682019132195644,0.005911681017249454,-0.04330201655967792,0.050717171327256255,-0.0656388518411662,-0.2885378466239765,0.4239270790786497,0.46890386204296336
150,0.01,0.0752472642577579,-0.001982206539123251,0.0007510508479638024,-0.004065772812651314,-0.004972305848927614,0.0054899963981643474,-0.02006565107832427,0.03823968087599559,0.04465562314554418,-0.10696527279727763,0.09958960642919502,-0.042168461908510646
151,0.01,0.07580923030390059,-0.0019375733242585776,0.0008156422154049272,-0.004652651787492426,-0.003402440634831902,0.003992555691191279,0.056196604614268335,0.004463321486467361,0.006459136744112491,-0.058687897484111254,0.1569865214095712,-0.14974407069730686
152,0.01,0.07609689480071309,-0.0013654796114857426,0.00046951060943353583,-0.0030488879180684872,-0.00011104561201997146,0.00570992380155915,0.0287664496812504,0.05720937127728349,-0.034613160597139134,0.1603763869423939,0.32913950228119304,0.1717368110367872
153,0.01,0.07600698345414411,-0.000880687375495597,0.0005300416852058414,-0.0020658577992268266,-0.0003028782029680656,0.005278559599565844,-0.008991134656898613,0.048479223599014576,0.006053107577230518,0.09830301188416603,-0.019183259094809415,-0.043136420199330575
154,0.01,0.07728191648290392,-0.0006445641684004112,0.00012550760495974502,-0.002461684792468161,0.0019016646959876568,0.0026435981339785882,0.12749330287598037,0.023612320709518575,-0.04045340802460962,-0.039582699324133414,0.22045428989557223,-0.26349614655872566
155,0.01,0.07821705832864098,-0.000485558674679455,0.0001921409625316099,-0.0006842896554315317,0.0022940567855412996,0.001966387971532726,0.09351418457370654,0.015900549372095604,0.0066633357571865125,0.17773951370366292,0.039239208955364285,-0.06772101624458622
156,0.01,0.0785810897562546,2.7549579223543407e-05,0.00013962196772435577,-3.986424077632879e-05,0.0014802019783370008,0.0032551262566132898,0.036403142761361064,0.051310825390299866,-0.005251899480725388,0.0644425414655203,-0.08138548072042988,0.1288738285080564
157,0.01,0.08014052134621028,0.0004765392842289395,0.0011012018446696966,0.0021895514819988884,0.0006081320128816775,-0.00031534436786806187,0.15594315899556863,0.0448989705005396,0.09615798769453404,0.2229415722775217,-0.08720699654553232,-0.3570470624481351
158,0.01,0.08179133113136952,0.0010487667051370247,0.001691016732925028,0.003723814801816712,0.0006603490948708455,-0.0010668169640382663,0.16508097851592488,0.057222742090808486,0.05898148882553317,0.15342633198178238,0.005221708198916804,-0.07514725961702041
159,0.01,0.08138010981255116,0.001564627307500975,0.0007840209534956476,0.0029349811489467414,-0.006613365185416725,-0.003544207986754172,-0.04112213188183621,0.051586060236395045,-0.09069957794293809,-0.07888336528699709,-0.7273714280287571,-0.2477391022715906
160,0.01,0.08231066104550919,0.001682751166941994,0.0008523233001762329,0.005788643297870512,-0.007680104227620151,-0.007097915617609632,0.0930551232958023,0.0118123859441019,0.006830234668058638,0.28536621489237707,-0.10667390422034266,-0.35537076308554605
161,0.01,0.0827681656785866,0.0028459670914283064,0.0004725729700495231,0.0017177329601848227,-0.006866507495671763,-0.005096878738825792,0.04575046330774079,0.11632159244863126,-0.037975033012671064,-0.40709103376856887,0.08135967319483879,0.200103687878384
162,0.01,0.08293253471863912,0.002680179615788241,0.00035497974401834244,5.224990468335504e-06,-0.007588474082174691,-0.0046423243168627285,0.016436904005252998,-0.016578747564006572,-0.011759322603118042,-0.17125079697164872,-0.07219665865029275,0.045455442196306366
163,0.01,0.08196331505136926,0.0017193179091533363,-0.00010885602444069066,-0.0005434696681550341,-0.005434126566018922,-0.004402674628426782,-0.09692196672698523,-0.09608617066349043,-0.04638357684590332,-0.054869465862336965,0.21543475161557682,0.023964968843594673
164,0.01,0.08099421543961331,0.0012154302307950473,0.0009599444618624164,0.00012447038386795043,-0.006789807221748313,-0.00042427700189669654,-0.09690996117559576,-0.050388767835828886,0.10688004863031066,0.06679400520229846,-0.13556806557293916,0.3978397626530085
165,0.01,0.07977542181985225,0.0010000037657835576,0.00046126741632186187,-0.0032598129398623394,-0.0065563022014977984,0.003142752674484025,-0.12187936197610624,-0.021542646501149045,-0.04986770455405537,-0.338428332373029,0.02335050202505158,0.35670296763807213
166,0.01,0.07903600129558716,-0.00034340056198099256,0.0003749523684147684,-0.001725440310712658,-0.008817742172711482,0.001977102712391675,-0.07394205242650909,-0.13434043277645497,-0.008631504790709404,0.15343726291496815,-0.22614399712136848,-0.11656499620923498
167,0.01,0.0770907922452685,-0.0007453767325615483,0.0002676442573454191,-0.0027480466035291642,-0.009338201673882655,0.002232041158123042,-0.19452090503186528,-0.04019761705805558,-0.010730811106934903,-0.10226062928165064,-0.05204595011711732,0.025493844573136717
168,0.01,0.0765263818865961,-0.0004874571698460156,2.5507020042126895e-05,-0.005836754039952608,-0.00784058875692333,0.004824675577166234,-0.05644103586723989,0.025791956271553257,-0.024213723730329217,-0.3088707436423443,0.14976129169593264,0.2592634419043192
169,0.01,0.07649840568715088,-0.0012801609170888283,-0.0006728346943698176,-0.00569843514131158,-0.002388779639430319,0.004599009627538482,-0.0027976199445217515,-0.07927037472428128,-0.06983417144119447,0.013831889864102838,0.545180911749301,-0.022566594962775178
170,0.01,0.07571960848359609,-0.002036396689913099,-0.0011363297118761647,-0.00512451530919938,-0.0019015838724178713,0.004182226796121355,-0.07787972035548059,-0.07562357728242708,-0.046349501750634695,0.05739198321121991,0.04871957670124477,-0.0416782831417127
171,0.01,0.07461132658234128,-0.0019436216921549475,-0.001016900956472709,-0.006685991722059416,-0.002323592374871514,0.0037514684356408684,-0.11082819012547991,0.009277499775815167,0.011942875540345574,-0.15614764128600364,-0.042200850245364255,-0.043075836048048655
172,0.01,0.07561242321597723,-0.002391371122965558,-0.0007818590740440304,-0.003903558837656122,-0.0008310334206367244,0.004316409472196184,0.10010966336359453,-0.044774943081061044,0.023504188242867836,0.2782432884403294,0.14925589542347892,0.05649410365553163
173,0.01,0.07598716141714436,-0.0026394596007112405,-0.0005519603777691508,-0.0028982603030157437,-0.002464115094299235,0.0016596172383036736,0.03747382011671253,-0.02480884777456826,0.022989869627487957,0.10052985346403782,-0.16330816736625103,-0.26567922338925115
174,0.01,0.07544087382308888,-0.0018486631614632325,0.0007565164370552136,-0.002213969471739706,-0.007520681998010837,0.001794687534860591,-0.054628759405547296,0.07907964392480081,0.13084768148243645,0.06842908312760378,-0.5056566903711601,0.01350702965569177
175,0.01,0.07632985008066698,-0.0019126949646985575,0.0011531681897081585,-0.001720803241296827,-0.006723662552103876,0.004131340764682803,0.08889762575780906,-0.006403180323532511,0.03966517526529454,0.04931662304428789,0.07970194459069602,0.2336653229822212
176,0.01,0.07742531876506695,-0.0022566059405802427,0.0022466352217665195,0.0024107771402475547,-0.006579276169403203,0.0019344164086921717,0.10954686843999774,-0.03439109758816854,0.1093467032058361,0.4131580381544382,0.01443863827006734,-0.21969243559906312
177,0.01,0.07716754349017448,-0.002165916937690978,0.002958233211996889,0.003716987289336706,-0.0071374806840920155,0.000317751334386399,-0.02577752748924795,0.00906890028892649,0.07115979902303686,0.13062101490891506,-0.05582045146888128,-0.1616665074305773
178,0.01,0.07743172636020519,-0.0019359392443305035,0.0033503865787594634,0.006994961940054052,-0.008227821037961122,0.0013715912562371306,0.02641828700307244,0.022997769336047445,0.03921533667625749,0.3277974650717347,-0.10903403538691055,0.10538399218507316
179,0.01,0.07921780519172889,-0.0026934766551008414,0.0033977736321339496,0.009103645150865198,-0.0015140491123538447,0.0023025265878359818,0.17860788315236906,-0.07575374107703377,0.004738705337448614,0.21086832108111447,0.6713771925607277,0.09309353315988513
180,0.01,0.07888097430424688,-0.0019524992614582508,0.0036269933359057397,0.007316399256129453,-0.001527359119290726,0.0012612419424299155,-0.03368308874820063,0.07409773936425906,0.02292197037717899,-0.17872458947357436,-0.0013310006936881561,-0.10412846454060662
181,0.01,0.07799604968981332,-0.001978229954998997,0.0035445834570155786,0.0069255080469681155,0.00037670751950213515,0.0020319363874111355,-0.08849246144335676,-0.0025730693540746475,-0.008240987889016057,-0.039089120916133833,0.19040666387928615,0.077069444498122
182,0.01,0.07761506022699727,-0.0023459547862271913,0.0027845084993856546,0.007255987780503312,-0.0008324178023722444,0.005306967715036948,-0.038098946281604276,-0.03677248312281944,-0.07600749576299251,0.033047973353519756,-0.12091253218743797,0.3275031327625812
183,0.01,0.07652340111222941,-0.0029061297966943276,0.002732629790870491,0.005171757057539208,-0.001490196667461797,0.007241623154282943,-0.10916591147678542,-0.0560175010467136,-0.005187870851516359,-0.20842307229641047,-0.06577788650895527,0.19346554392459944
184,0.01,0.07530165334318355,-0.0026307107637352535,0.0031888692219909755,0.00478296064599915,-0.003941760821432428,0.003935243717490876,-0.12217477690458603,0.027541903295907413,0.04562394311204852,-0.03887964115400582,-0.24515641539706312,-0.3306379436792067
185,0.01,0.07544560188712278,-0.003222684237588389,0.003456814475451107,0.007988457250123506,-0.004182632971024325,0.001408057806178967,0.014394854393921935,-0.05919734738531355,0.026794525346013183,0.3205496604124356,-0.024087214959189626,-0.25271859113119094
186,0.01,0.07733379446849244,-0.002874129458148265,0.004014460268454079,0.00856694611327793,-0.0005317807210193874,0.0012842988151817475,0.18881925813696623,0.034855477944012406,0.05576457930029729,0.05784888631544238,0.36508522500049373,-0.012375899099721963
187,0.01,0.07833686613861934,-0.002052468968600281,0.004347162395574334,0.005827438982393024,0.0029246953562048522,4.088170948546538e-05,0.10030716701269017,0.08216604895479838,0.033270212712025356,-0.2739507130884906,0.34564760772242387,-0.12434171056962819
188,0.01,0.07890684399988766,-0.0015801365879738486,0.004745813100635711,0.008300494737598479,0.0025321387288433916,-0.005458178592806923,0.05699778612683202,0.04723323806264323,0.03986507050613778,0.2473055755205456,-0.039255662736146064,-0.5499060302292387
189,0.01,0.07919792991916812,-0.0016271200635185827,0.0037733879569769695,0.008260195865124742,0.00037706265615111917,-0.00903591345299346,0.029108591928045425,-0.004698347554473382,-0.09724251436587422,-0.004029887247373795,-0.2155076072692272,-0.3577734860186537
190,0.01,0.07933844338739754,-0.0008607542627662613,0.0029581158243251492,0.004646230083764231,-0.0007702953800108209,-0.006930368756747015,0.014051346822942585,0.07663658007523215,-0.08152721326518195,-0.36139657813605097,-0.11473580361619401,0.21055446962464439
191,0.01,0.07820247937751702,-0.0002431116818858253,0.000787526712537533,0.0006651461430342372,-0.007949357574470309,-0.006473679720650143,-0.1135964009880512,0.061764258088043575,-0.21705891117876164,-0.3981083940729994,-0.7179062194459487,0.04566890360968723
192,0.01,0.07725647916547368,0.0006271281365206708,-6.524468998879932e-05,-0.0017935167200785122,-0.011529502990625934,-0.007018979490700908,-0.09460002120433465,0.08702398184064962,-0.08527714025263328,-0.24586628631127494,-0.35801454161556256,-0.05452997700507644
193,0.01,0.07804432840129996,0.0016929786945844624,-0.00132095526108502,-0.007832233211751416,-0.010589960615093208,-0.006014441913578182,0.0787849235826286,0.10658505580637916,-0.12557105710962205,-0.6038716491672903,0.09395423755327251,0.10045375771227248
194,0.01,0.07789038712437904,0.0024733542572881882,-0.0019484321762772347,-0.01076894042546506,-0.012375703853470832,-0.0025711146477009547,-0.015394127692093036,0.07803755627037252,-0.0627476915192215,-0.2936707213713645,-0.17857432383776223,0.3443327265877228
195,0.01,0.07756852343841855,0.0024664079389991496,-0.0017933964190673193,-0.0093527361354152,-0.014362650933224601,-0.002555415578626223,-0.03218636859604807,-0.0006946318289037588,0.01550357572099155,0.1416204290049861,-0.19869470797537703,0.0015699069074731095
196,0.01,0.07812989453443363,0.002783841129296996,-0.0021267002556459073,-0.01024322543890892,-0.010318593499006856,-0.00416605115989965,0.05613710960150717,0.031743319029784556,-0.03333038365785879,-0.08904893034937196,0.4044057434217746,-0.16106355812734274
197,0.01,0.07949661354560504,0.002747713325758652,-0.002641895773032488,-0.010968936825828281,-0.009146153004092938,-0.008910441080947164,0.13667190111714217,-0.003612780353834373,-0.051519551738658055,-0.0725711386919361,0.1172440494913917,-0.47443899210475127
198,0.01,0.07845611138410719,0.0022887974891951613,-0.0029580544824818174,-0.008457327660985083,-0.012549806773450653,-0.008587043805371015,-0.10405021614978575,-0.045891583656349016,-0.031615870944932956,0.25116091648431965,-0.34036537693577146,0.032339727557614745
199,0.01,0.07815684934034202,0.002361436441713822,-0.003662210558514652,-0.01119531158343138,-0.009410595306170938,-0.006777026890052074,-0.029926204376517152,0.0072638952518660725,-0.07041560760328344,-0.27379839224462976,0.3139211467279715,0.1810016915318942
200,0.01,0.07879638045179509,0.002070300203443843,-0.004093577882736633,-0.013198795286167153,-0.006971822650726751,-0.009738253206159835,0.06395311114530744,-0.029113623826997885,-0.0431367324221981,-0.20034837027357716,0.24387726554441863,-0.29612263161077623
201,0.01,0.07779852036521853,0.001047963024979379,-0.003059438272545586,-0.010277326559486662,-0.009114962166405585,-0.005806446007007629,-0.09978600865765644,-0.10223371784644647,0.10341396101910466,0.2921468726680492,-0.21431395156788344,0.39318071991522074
202,0.01,0.077260987930468,0.00022506264443439506,-0.001797968382616682,-0.00709219432763948,-0.008716349081253507,-0.0027421697769388037,-0.05375324347505256,-0.08229003805449839,0.12614698899289042,0.3185132231847181,0.039861308515207944,0.3064276230068824
203,0.01,0.07886783155869426,-0.0001761072315790544,7.1534796219304e-05,-0.0050916999654742785,-0.003070025380104692,-0.004454745520061757,0.1606843628226255,-0.04011698760134494,0.18695031788359862,0.20004943621652016,0.5646323701148813,-0.17125757431229535
204,0.01,0.07978174351500765,-0.000563549200439448,0.002565150190216375,0.0009746358837147756,-0.0015638608882732245,-0.004664352886368154,0.09139119563133861,-0.038744196886039375,0.2493615393997071,0.6066335849189054,0.1506164491831468,-0.020960736630639666
205,0.01,0.08043785134071187,-0.0006138382363815061,0.004648534658042246,0.005824747666925532,0.003084358492348384,-0.005393144650414754,0.06561078257042256,-0.005028903594205791,0.20833844678258695,0.4850111783210756,0.4648219380621608,-0.07287917640465998
206,0.01,0.08136503294358345,-0.0008044838722612201,0.005801399883829211,0.00841024744235306,0.004377327899574693,-0.006741059984792187,0.092718160287158,-0.019064563587971425,0.11528652257869655,0.25854997754275266,0.12929694072263087,-0.1347915334377433
207,0.01,0.0808009018930973,-0.0015975532359505786,0.006386788101515527,0.011438970034265533,0.004508815783421163,-0.0026725762578930948,-0.05641310504861505,-0.07930693636893586,0.05853882176863171,0.30287225919124744,0.013148788384647026,0.4068483726899092
208,0.01,0.0795389063588784,-0.0019349929858278661,0.005903344386943837,0.011321398842501464,0.0031899927865260366,-0.0001886513243182924,-0.12619955342188943,-0.03374397498772875,-0.04834437145716917,-0.011757119176406915,-0.13188229968951262,0.24839249335748018
209,0.01,0.07927043416886756,-0.002437949098437684,0.005206214402104697,0.010604390013489342,0.0012625569754014948,0.00020903927836127566,-0.02684721900108503,-0.05029561126098175,-0.06971299848391393,-0.07170088290121235,-0.1927435811124542,0.03976906026795681
210,0.01,0.0781548433350402,-0.002803033746544583,0.0036998056099777836,0.006667908902390348,-0.0018303451978458562,0.0070809897750526195,-0.11155908338273417,-0.0365084648106899,-0.15064087921269137,-0.3936481111098992,-0.3092902173247351,0.6871950496691341
211,0.01,0.07686628178581849,-0.003288331902338769,0.0027824949934911105,0.0047417834169423455,-0.002248382599106304,0.01150917492686543,-0.1288561549221717,-0.04852981557941862,-0.0917310616486672,-0.1926125485448002,-0.041803740126044764,0.4428185151812811
212,0.01,0.07627985001408258,-0.0028020436195083354,0.0011389097195432347,0.0005535706575650489,-0.003706263347454839,0.010491553551281316,-0.05864317717359107,0.04862882828304335,-0.16435852739478765,-0.41882127593772966,-0.14578807483485354,-0.10176213755841146
213,0.01,0.07625846316866168,-0.0029429396050930476,0.00027827008261468295,0.00029114167012781714,-0.006805513063160982,0.01208040579791582,-0.0021386845420902777,-0.014089598558471207,-0.08606396369285517,-0.026242898743723184,-0.3099249715706143,0.15888522466345031
214,0.01,0.0753321200936023,-0.002065441451056321,-0.0005017327039700915,-0.0033486511236000805,-0.00796261682279999,0.014625687524396734,-0.09263430750593836,0.08774981540367263,-0.07800027865847745,-0.3639792793727897,-0.11571037596390095,0.25452817264809174
215,0.01,0.07486588372661712,-0.0017925095725588932,-0.0006893853821238076,-0.0026453295424232505,-0.009432958026189259,0.011147941979032705,-0.04662363669851703,0.027293187849742814,-0.018765267815371616,0.070332158117683,-0.14703412033892682,-0.34777455453640305
216,0.01,0.07713476900358306,-0.000662611624327137,-0.0005223815020699655,-0.0035126871352304614,-0.00735337761583808,0.005241569902020829,0.2268885276965925,0.11298979482317559,0.016700388005384214,-0.08673575928072108,0.207958041035118,-0.5906372077011877
217,0.01,0.0780248632612549,-0.000232082213139554,0.0005856115906317397,-0.0029133948241683574,-0.005355296291503612,0.003482833538091677,0.08900942576718486,0.04305294111875833,0.11079930927017051,0.059929231106210394,0.19980813243344675,-0.1758736363929152
218,0.01,0.07775732142523521,0.00030381946324663136,0.001674505298781201,-0.003354307882936248,-0.004236656159455836,0.0037765220721277365,-0.026754183601969572,0.05359016763861854,0.10888937081494611,-0.04409130587678906,0.11186401320477761,0.029368853403605972
219,0.01,0.07832947766695206,-0.0009815599824758783,0.0025704811442421663,0.002598767455425132,-0.005441534033501226,-0.0004266615201348152,0.057215624171685416,-0.128537944572251,0.08959758454609656,0.595307533836138,-0.12048778740453896,-0.42031835922625516
220,0.01,0.07926358793645606,-0.0014988135290540838,0.003441826505924811,0.00438382465597481,-0.005100910621949388,-0.0010439467091941921,0.09341102695039992,-0.05172535465782052,0.08713453616826447,0.17850572005496781,0.03406234115518371,-0.06172851890593771
221,0.01,0.07718119461952769,-0.001852374970926236,0.004395754228833594,0.006087867494604972,-0.008141557913778111,0.0015931323392119182,-0.20823933169283684,-0.03535614418721522,0.09539277229087828,0.17040428386301615,-0.30406472918287225,0.2637079048406111
222,0.01,0.07766569231241699,-0.002560249095035859,0.00472195689758863,0.008632115383644388,-0.006318848091346377,0.0024942814557631287,0.04844976928892958,-0.07078741241096229,0.03262026687550362,0.25442478890394166,0.1822709822431734,0.09011491165512107
223,0.01,0.07894201987561528,-0.0027226279522458486,0.005870186455258932,0.011401113810700648,-0.001167632581827168,0.00011556374312786848,0.1276327563198297,-0.016237885720998966,0.11482295576703017,0.2768998427056259,0.5151215509519208,-0.23787177126352602
224,0.01,0.07913569409932471,-0.0016171384209918115,0.006232844200230666,0.009394020528901703,0.0009796229098871258,-0.0020500409880897332,0.019367422370942706,0.11054895312540369,0.03626577449717344,-0.20070932817989448,0.21472554917142936,-0.2165604731217601
225,0.01,0.07906582422501951,-0.001712566928290118,0.006766799164212347,0.012992386288743338,0.0015776513972284504,-0.0021178296929336626,-0.006986987430519359,-0.009542850729830642,0.053395496398168055,0.35983657598416346,0.059802848734132476,-0.0067788704843929305
226,0.01,0.0799837504311056,-0.001947324460706418,0.006093462482543641,0.012242411071957896,0.004228563319067094,-0.00228655194318643,0.09179262060860863,-0.023475753241630003,-0.06733366816687064,-0.07499752167854422,0.26509119218386434,-0.016872225025276754
227,0.01,0.07809173590460591,-0.0020572077411513206,0.005625095898025313,0.010453278666272336,0.0002319431093194708,-0.0018598750827292713,-0.18920145264996913,-0.010988328044490242,-0.0468366584518328,-0.17891324056855593,-0.39966202097476233,0.04266768604571587
228,0.01,0.07677021635935001,-0.002457703917740503,0.0036827584857798685,0.00700299547524331,-0.0021329469596970793,0.0007107511909162905,-0.13215195452558945,-0.04004961765891824,-0.19423374122454437,-0.34502831910290266,-0.23648900690165503,0.2570626273645562
229,0.01,0.07657724553960704,-0.003190404265079291,0.001659163931508758,0.0011485763410100844,0.0017079788659597132,0.005827801690509276,-0.019297081974297473,-0.07327003473387884,-0.20235945542711103,-0.5854419134233225,0.3840925825656793,0.5117050499592986
230,0.01,0.07594148773465555,-0.0026929908484350238,0.00048732005530153176,-0.003614105867664992,-0.0012294824557189767,0.007286364717480951,-0.0635757804951501,0.04974134166442675,-0.11718438762072263,-0.4762682208675076,-0.293746132167869,0.14585630269716754
231,0.01,0.0744557832438328,-0.0026201999997685086,-0.00040546553378054324,-0.0041895051197844,-0.007931087778952146,0.005927228873689627,-0.14857044908227438,0.0072790848666515265,-0.08927855890820749,-0.057539925211940825,-0.670160532323317,-0.13591358437913248
232,0.01,0.07702146559071273,-0.0019514709546755121,-0.00018659440016345911,-0.004196737802783627,-0.0030676669658081398,0.001622392876116996,0.2565682346879933,0.06687290450929963,0.02188711336170842,-0.0007232682999226032,0.4863420813144007,-0.430483599757263
233,0.01,0.07778738967626628,-0.0018984276936747362,0.0006296670802895175,8.361070632867818e-05,-0.00398324217694833,0.00031602428552427657,0.07659240855535543,0.005304326100077606,0.08162614804529762,0.42803485091123045,-0.09155752111401907,-0.13063685905927194
234,0.01,0.07817416602737247,-0.0012722205429607494,0.0023731582002609734,0.004779820025245488,-0.005072255724951101,-0.00028697952587803494,0.03867763511061852,0.06262071507139869,0.17434911199714567,0.469620931891681,-0.10890135480027711,-0.060300381140231146
235,0.01,0.0793980228073412,-0.0005856651555167718,0.002785607065357651,0.0025837770617537143,-0.004531070354446137,-0.0020662968383574694,0.12238567799687405,0.06865553874439773,0.04124488650966778,-0.21960429634917736,0.054118537050496456,-0.17793173124794343
236,0.01,0.08017336135365287,-7.1802689232071255e-06,0.0030598030541010585,0.0009505928632887651,-0.00012164841058151686,-0.0033071730166450144,0.07753385463116604,0.05784848865935649,0.027419598874340655,-0.16331841984649492,0.44094219438646204,-0.12408761782875452
237,0.01,0.07803658073313681,0.00010330542162416471,0.002825502015934153,-0.0005154502038220233,-0.0058465816986723205,0.00032438486002022413,-0.21367806205160603,0.011048569054737164,-0.023430103816690508,-0.14660430671107882,-0.5724933288090804,0.36315578766652384
238,0.01,0.07806345589440648,0.000690870233910191,0.00218162986810693,-0.006123243417679559,-0.00787251742405976,-0.0007786941043959665,0.0026875161269670207,0.058756481228602636,-0.06438721478272232,-0.5607793213857535,-0.202593572538744,-0.11030789644161905
239,0.01,0.07744066824277146,0.0004419887831699399,0.0013301667169663299,-0.008481077318014545,-0.00939761239554817,-0.0019892040714187915,-0.06227876516350231,-0.02488814507402509,-0.08514631511406007,-0.2357833900334986,-0.152509497148841,-0.12105099670228255
240,0.01,0.07562366150419997,-8.899539242419879e-05,0.0019228282632881147,-0.006543295542446135,-0.0073021460141933356,0.0015865558354299127,-0.18170067385714886,-0.05309841755941388,0.0592661546321785,0.19377817755684093,0.20954663813548355,0.3575759906848704
241,0.01,0.07688799812941303,-0.0007930229441623622,0.0025468599032093275,-0.0048451302184124604,-0.0022850086185850042,0.0025298906694458684,0.126433662521306,-0.07040275517381633,0.06240316399212132,0.16981653240336747,0.5017137395608332,0.09433348340159556
242,0.01,0.07798657203225515,-0.0007693144268007304,0.0034845064484103298,-0.0015623854794644394,0.0006613178995830746,0.0008148655338764922,0.10985739028421128,0.0023708517361631528,0.09376465452010024,0.3282744738948021,0.29463265181680787,-0.1715025135569376
243,0.01,0.07664482928427649,-0.0010394724493769992,0.003777495675776104,0.0013819168519583155,-0.00047576162033275164,0.0022489957008838173,-0.13417427479786578,-0.027015802257626856,0.029298922736577394,0.2944302331422755,-0.11370795199158261,0.14341301670073253
244,0.01,0.07739263614162016,-0.0011422202053303471,0.0034938062532182063,0.0021335480192170827,-0.0002809500620526004,-0.0009580722253911472,0.0747806857343683,-0.010274775595334795,-0.028368942255789818,0.07516311672587671,0.01948115582801512,-0.32070679262749646
245,0.01,0.07812843862044559,-0.0011388572316734914,0.0033916416556106356,0.0026432344423112796,0.00012527600963863937,-0.002085609471746614,0.07358024788254221,0.0003362973656855793,-0.010216459760756963,0.05096864230941967,0.04062260716912398,-0.11275372463554664
246,0.01,0.07692440315517743,-0.0009514999995199236,0.002848316249926899,0.0015905354224144868,-0.001085522540198386,-4.2986479183074796e-05,-0.12040354652681563,0.018735723215356766,-0.054332540568373694,-0.10526990198967925,-0.12107985498370254,0.2042622992563539
247,0.01,0.07742630119867394,-0.0019752867469469424,0.0022272936177852435,0.0015193078860469454,0.0010192830926300416,-0.00203621266806864,0.05018980434965156,-0.10237867474270188,-0.06210226321416558,-0.007122753636754132,0.21048056328284276,-0.19932261888855649
248,0.01,0.07875224302599092,-0.0018213464823019566,0.0019805643742448567,0.000860138476012792,0.0013755804978951027,-0.0032458514911402653,0.13259418273169685,0.015394026464498584,-0.02467292435403859,-0.06591694100341534,0.0356297405265061,-0.12096388230716254
249,0.01,0.07812256011033444,-0.002190888667936033,0.002319071199594135,0.003938164155937343,-0.002401409659137913,-0.0001942612234454543,-0.0629682915656468,-0.03695421856340764,0.033850682534927706,0.3078025679924551,-0.37769901570330155,0.3051590267694811
250,0.01,0.0786268690516605,-0.0024527419267031895,0.0016784917326818265,0.005036095387090689,-0.002008416398192694,-0.0027673209371423227,0.05043089413260431,-0.02618532587671567,-0.0640579466912308,0.10979312311533468,0.03929932609452191,-0.2573059713696868
251,0.01,0.07939425982138197,-0.0021723172022637236,0.0021893706083388493,0.0056485654182528424,-0.003009961713895803,-0.005666814837354932,0.0767390769721481,0.0280424724439466,0.051087887565702324,0.061247003116215254,-0.10015453157031091,-0.2899493900212609
252,0.01,0.07902167842455406,-0.0012136469341967361,0.0020287840596905347,0.00401116821573602,-0.004222180616420337,-0.005454850824137467,-0.03725813968279188,0.09586702680669876,-0.016058654864831545,-0.16373972025168218,-0.1212218902524534,0.021196401321746477
253,0.01,0.07905317881157288,-0.0014729039771895532,0.0017403937508275373,0.0027162032013952533,-0.0006147900370718682,-0.005581257048814324,0.0031500387018822476,-0.025925704299281725,-0.028839030886299695,-0.1294965014340767,0.36073905793484684,-0.012640622467685658
254,0.01,0.07859654003472324,-0.0010931808420745143,0.0017649083102049623,0.00082416879081332,0.001155743210348747,-0.002189356802363586,-0.045663877684962745,0.037972313511503895,0.0024514559377425103,-0.1892034410581933,0.17705332474206154,0.3391900246450737
255,0.01,0.07792436798178587,-0.0007593833792572637,0.0022557768239065633,0.00038243489098805625,-0.00016019714599810081,-4.8867054318026044e-06,-0.06721720529373856,0.03337974628172504,0.049086851370160056,-0.04417338998252638,-0.13159403563468478,0.21844700969317832
256,0.01,0.07784559296447731,-0.001118969139797431,0.001683815909640149,-0.0005451442391494955,-0.001379724949929414,0.000698196295947934,-0.00787750173085493,-0.03595857605401671,-0.057196091426641435,-0.09275791301375517,-0.12195278039313132,0.07030830013797365
257,0.01,0.07700153500038363,-0.0014079548765502956,0.0016870138035133208,-0.0007490848354438629,-0.003065194077376733,0.003394228224254579,-0.08440579640936777,-0.028898573675286452,0.0003197893873172244,-0.02039405962943674,-0.1685469127447319,0.2696031928306645
258,0.01,0.07652485379486178,-0.0012112967676208058,0.002593424375919139,0.0007093847864885044,-0.00433471698114683,0.004701050951160854,-0.047668120552185764,0.019665810892948984,0.09064105724058183,0.14584696219323673,-0.12695229037700972,0.13068227269062757
259,0.01,0.07849654671065988,-0.0009402478335250416,0.003457074051076581,0.00040421128759331274,5.560675481779198e-05,0.0028540136116743334,0.19716929157981003,0.027104893409576416,0.08636496751574411,-0.030517349889519162,0.4390323735964623,-0.1847037339486521
260,0.01,0.07838394004388165,-0.0009912635560697393,0.00440212731464629,0.0032714123502963622,-0.001928548728632346,0.002677439812032201,-0.011260666677823715,-0.005101572254469774,0.09450532635697101,0.2867201062703049,-0.1984155483450138,-0.017657379964213255
261,0.01,0.07795962515075451,-0.0009196827737105631,0.0052264150374688656,0.00581874715333958,-0.0015048856791813766,0.002369786476681164,-0.042431489312713316,0.007158078235917642,0.08242877228225745,0.2547334803043217,0.04236630494509695,-0.030765333535103682
262,0.01,0.0790782822196438,-0.0011333791172754477,0.005379606113227339,0.00641586032499008,0.0006397521083017162,0.0006480981081849564,0.11186570688892887,-0.021369634356488497,0.015319107575847413,0.05971131716505001,0.21446377874830924,-0.17216883684962075
263,0.01,0.07911403304672446,-0.0011249451309065163,0.0057381921716275226,0.00755523908421812,0.00037313663292217446,2.539478905427385e-05,0.00357508270806585,0.000843398636893134,0.03585860584001826,0.11393787592280405,-0.026661547537954165,-0.062270331913068244
264,0.01,0.07793523207868487,-0.001798501972017562,0.005370269057352407,0.009623820732652747,-0.0011799550912966392,-0.00075050741488765,-0.11788009680395777,-0.06735568411110456,-0.03679231142751152,0.2068581648434627,-0.1553091724218814,-0.07759022039419239
265,0.01,0.07921450169191405,-0.0022679799441395285,0.0035443347822842366,0.0040139081910131715,0.007242819611645453,0.00014091235251667545,0.12792696132291723,-0.046947797212196635,-0.18259342750681704,-0.5609912541639575,0.8422774702942093,0.08914197674043256
266,0.01,0.07865487344104209,-0.002144351733690772,0.003635387261875544,0.003782506667953435,0.0037802393505218727,-0.0010124524579455865,-0.05596282508719581,0.012362821044875662,0.009105247959130754,-0.02314015230597369,-0.3462580261123581,-0.1153364810462262
267,0.01,0.07758440946244648,-0.002764096605492581,0.003077439177409802,0.005263113489016755,0.003485303963438572,0.003960091168115739,-0.10704639785956116,-0.06197448718018095,-0.055794808446574154,0.14806068210633203,-0.0294935387083301,0.4972543626061325
268,0.01,0.07726949620800536,-0.003417804949527517,0.0016079330961868998,0.0020263874198248517,0.0055396504402257145,0.004927751145862563,-0.03149132544411247,-0.06537083440349357,-0.14695060812229022,-0.3236726069191903,0.2054346476787142,0.09676599777468234
269,0.01,0.07551614177809304,-0.0029903723483719583,0.0007509241933595952,-0.0019856789215686936,0.0006354840675719714,0.006853825447919618,-0.17533544299123077,0.042743260115555876,-0.08570089028273047,-0.4012066341393545,-0.4904166372653743,0.1926074302057056
270,0.01,0.07446954959513144,-0.003027420159926757,0.0007945459312112945,-0.0007009268265359423,-0.0034582209647084734,0.006721176590671443,-0.10465921829616069,-0.0037047811554798615,0.004362173785169927,0.12847520950327512,-0.4093705032280444,-0.01326488572481745
271,0.01,0.07622992001886032,-0.003448576897395303,0.0006633030542114634,-0.0013570722143726138,0.0038625877812532355,0.007925873170491074,0.17603704237288761,-0.042115673746854626,-0.013124287699983118,-0.06561453878366716,0.7320808745961709,0.12046965798196298
272,0.01,0.07594019478292627,-0.001605925159965544,0.0010576891614264363,-0.005894024047463009,0.000691564216517343,0.0043146511046067764,-0.028972523593405096,0.18426517374297588,0.03943861072149731,-0.4536951833090395,-0.31710235647358925,-0.3611222065884297
273,0.01,0.07617567493198284,-0.002025060445080966,0.0017688913263338448,-0.0022131039699442258,0.0006016670832718556,0.003495092251604176,0.023548014905657735,-0.041913528511542196,0.07112021649074081,0.3680920077518783,-0.008989713324548735,-0.08195588530026
274,0.01,0.07844866227910963,-0.002617775720443774,0.003142872560318225,0.0016787538943155696,0.005607884731762917,0.002843957630724359,0.2272987347126782,-0.05927152753628077,0.13739812339843807,0.3891857864259795,0.5006217648491063,-0.0651134620879817
275,0.01,0.07762368573856,-0.001955110658878465,0.0042216025043373875,0.002910713635239288,0.0030547009929995936,0.001536143675843576,-0.08249765405496198,0.06626650615653085,0.10787299440191628,0.1231959740923718,-0.2553183738763324,-0.1307813954880783
276,0.01,0.0774367604817693,-0.0018692287813923106,0.004944518624480396,0.0038722468433346614,-0.0008368828299725353,0.00018357075630444795,-0.018692525679071082,0.00858818774861546,0.07229161201430079,0.09615332080953734,-0.38915838229721283,-0.13525729195391278
277,0.01,0.07824497537206283,-0.002891921958098607,0.006887729501268031,0.00995733064138618,-0.00018756674580340025,0.0025537276990588434,0.08082148902935346,-0.10226931767062962,0.1943210876787635,0.6085083798051519,0.06493160841691349,0.23701569427543953
278,0.01,0.07734817550635494,-0.002102428818299004,0.008371317008767505,0.01102787468815308,-0.005261097952535016,0.0060616261933915385,-0.08967998657078986,0.0789493139799603,0.1483587507499476,0.10705440467668999,-0.5073531206731615,0.35078984943326946
279,0.01,0.07686623897636607,-0.0017975656658973623,0.00802763903267952,0.009502794873932232,-0.009028278078377215,0.0033110177054481876,-0.04819365299888601,0.03048631524016417,-0.03436779760879865,-0.1525079814220848,-0.37671801258422,-0.275060848794335
280,0.01,0.07706064244740349,-0.0022443332772574998,0.007564187451583171,0.0103570792577196,-0.010167988596245715,0.0026734718639519653,0.019440347103742164,-0.04467676113601374,-0.04634515810963499,0.08542843837873694,-0.11397105178685,-0.06375458414962219
281,0.01,0.07594659839985253,-0.0024994817185127944,0.00655956125723458,0.010238410232202285,-0.007284171138473623,0.005311248268895421,-0.1114044047550958,-0.025514844125529464,-0.10046261943485894,-0.011866902551731682,0.28838174577720926,0.2637776404943455
282,0.01,0.0761480413631895,-0.0023303116839813033,0.003846341982723389,0.0029110914872777075,-0.0041659313009694355,0.004390798826249639,0.020144296333696823,0.016917003453149126,-0.2713219274511191,-0.7327318744924577,0.3118239837504188,-0.09204494426457814
283,0.01,0.07672530164975344,-0.0024701183743617555,0.0019105934332120148,-0.0008431950392350565,-0.00028495206783145415,0.0025887267335669593,0.05772602865639335,-0.013980669038045228,-0.1935748549511374,-0.3754286526512764,0.3880979233137981,-0.18020720926826803
284,0.01,0.07613356069170504,-0.0022249648260688165,0.0012717940615657296,-0.0006811615150267797,0.002111255256597938,0.00016149988753921387,-0.05917409580483983,0.024515354829293873,-0.06387993716462863,0.016203352420827682,0.2396207324429392,-0.24272268460277455
285,0.01,0.07666321416819573,-0.002323413996442503,0.0005992648616003361,-0.001880361801053898,0.003142888690763203,-0.002799274655207977,0.05296534764906908,-0.009844917037368657,-0.06725291999653933,-0.11992002860271182,0.1031633434165265,-0.29607745427471904
286,0.01,0.0767042751646416,-0.002197580146541758,0.0007717146071039374,-0.0015242614429528322,-0.0005699046133043307,-0.005194458888136655,0.004106099644586227,0.01258338499007449,0.017244974550360153,0.03561003581010656,-0.37127933040675337,-0.23951842329286788
287,0.01,0.07656986336639246,-0.002658974573889558,0.0014210272312894451,0.0037642155302764833,-0.0017663407659246622,-0.006287555140063763,-0.013441179824913317,-0.04613944273477997,0.06493126241855082,0.5288476973229316,-0.11964361526203314,-0.10930962519271081
288,0.01,0.07725600771624198,-0.002779348663346746,0.0021906000543246646,0.0062296073193557466,-0.0016836152577985684,-0.006779291751842196,0.06861443498495275,-0.012037408945718807,0.07695728230352196,0.24653917890792626,0.008272550812609383,-0.049173661177843206
289,0.01,0.07776202293353832,-0.002703839955195733,0.002805806988571801,0.006427107145868071,-0.0018727323347675598,-0.004148410827177371,0.050601521729633045,0.007550870815101308,0.06152069342471356,0.019749982651232442,-0.018911707696899142,0.26308809246648246
290,0.01,0.0783632776503432,-0.0025068931145033465,0.00330329619800241,0.007124272637160147,-0.003175651394603135,-0.003903615180803973,0.06012547168048856,0.019694684069238657,0.04974892094306097,0.06971654912920759,-0.13029190598355755,0.02447956463733982
291,0.01,0.07922611834883517,-0.0022307469715532003,0.003180325802052293,0.0072452135417602585,-0.0005816957134891605,-0.003321791686110502,0.08628406984919607,0.02761461429501462,-0.012297039595011787,0.012094090460011192,0.25939556811139747,0.05818234946934708
292,0.01,0.07941279069242857,-0.0015772804819705,0.003659798622050458,0.007839322888067227,-0.003830141808772323,-0.005056700539994974,0.018667234359341076,0.06534664895827,0.047947281999816495,0.05941093463069678,-0.3248446095283163,-0.17349088538844723
293,0.01,0.07982831220613336,-0.0014880698545266318,0.004171080306866543,0.009864400263389743,-0.00485672756014208,-0.009901461042113308,0.041552151370479046,0.00892106274438685,0.05112816848160848,0.20250773753225174,-0.10265857513697572,-0.4844760502118332
294,0.01,0.08021993606049686,-0.0009380849227231031,0.004307968946779879,0.009393216410843588,-0.0030678017980701913,-0.011897890137559694,0.039162385436350415,0.05499849318035288,0.013688863991333603,-0.04711838525461567,0.17889257620718885,-0.19964290954463867
295,0.01,0.08008772827180265,-0.0008193482168575626,0.004628758326640021,0.009422583913389244,0.0002289929237764763,-0.0113127601883089,-0.013220778869421813,0.011873670586554013,0.03207893798601426,0.002936750254565657,0.32967947218466676,0.05851299492507951
296,0.01,0.07929481496821618,-0.0012056958445819587,0.003718896581456485,0.00720052736372902,-0.002488416198825284,-0.009059236996127651,-0.07929133035864648,-0.038634762772439574,-0.09098617451835363,-0.22220565496602235,-0.271740912260176,0.22535231921812454
297,0.01,0.0786589996684353,-0.0009716954933030321,0.0019433536218500208,0.0015470159763001914,-0.0005940652750874167,-0.009505194757518742,-0.0635815299780888,0.02340003512789267,-0.1775542959606464,-0.5653511387428829,0.18943509237378672,-0.044595776139109
298,0.01,0.0769151327307912,-0.0009255098440395922,0.0001004638131033396,-0.0031554645026574714,-0.0037134348688415957,-0.005988343048489836,-0.1743866937644094,0.004618564926343979,-0.18428898087466808,-0.47024804789576624,-0.3119369593754179,0.35168517090289064
