step,v_y,a_y,is_context_region,is_inference_region
0,0.00038784140171384957,0.038784140171384957,0,0
1,-0.0004309819374911028,-0.08188233392049522,0,0
2,0.003785361871566277,0.421634380905738,0,0
3,0.01356823899946592,0.9782877127899643,0,0
4,0.026377881735995316,1.2809642736529396,0,0
5,0.0393982083688197,1.3020326632824386,0,0
6,0.052631467376085914,1.3233259007266212,0,0
7,0.06405489999051596,1.1423432614430045,0,0
8,0.07051175694074649,0.645685695023053,0,0
9,0.07160365066265273,0.10918937219062397,0,0
10,0.08043736677942427,0.8833716116771542,0,0
11,0.09016829878910795,0.9730932009683682,0,0
12,0.095028111948596,0.4859813159488052,0,0
13,0.10077957745220342,0.5751465503607417,0,0
14,0.09674631004904956,-0.40332674031538646,0,0
15,0.0990290271878993,0.22827171388497408,0,0
16,0.10047432360056986,0.1445296412670563,0,0
17,0.10517940135674694,0.4705077756177081,0,0
18,0.10418284343039609,-0.09965579263508523,0,0
19,0.10591081315952894,0.17279697291328472,0,0
20,0.10095418506695454,-0.4956628092574397,0,0
21,0.10303045944326852,0.2076274376313983,0,0
22,0.10182157490962886,-0.12088845336396675,0,0
23,0.10135875283283906,-0.046282207678979836,0,0
24,0.09825997370708718,-0.3098779125751877,0,0
25,0.09668224068574022,-0.15777330213469637,0,0
26,0.09136585054630947,-0.5316390139430749,0,0
27,0.08754425922055703,-0.3821591325752438,0,0
28,0.08817184754912666,0.06275883285696282,0,0
29,0.08777142962139489,-0.040041792773176654,0,0
30,0.08772713670188553,-0.0044292919509358875,0,0
31,0.08416580165965183,-0.35613350422337015,0,0
32,0.08320727019473217,-0.09585314649196569,0,0
33,0.07936470224689324,-0.38425679478389374,0,0
34,0.07582746166978646,-0.3537240577106776,0,0
35,0.07832889721102297,0.250143554123651,0,0
36,0.0791749465090398,0.08460492980168349,0,0
37,0.07737481070083639,-0.18001358082034152,0,0
38,0.07555073860396849,-0.18240720968678986,0,0
39,0.07789522781642973,0.23444892124612343,0,0
40,0.07597915594148036,-0.19160718749493683,0,0
41,0.0739327548063553,-0.20464011351250533,0,0
42,0.07593520158944941,0.20024467830941084,0,0
43,0.07771600569633808,0.17808041068886615,0,0
44,0.07622864497592673,-0.14873607204113487,0,0
45,0.07675472288672809,0.05260779108013647,0,0
46,0.0761369819856956,-0.061774090103249024,0,0
47,0.07432222357122883,-0.1814758414466766,0,0
48,0.07894293442527996,0.46207108540511216,0,0
49,0.07641101261881347,-0.25319218064664833,0,0
50,0.07598388024375781,-0.04271323750556638,0,0
51,0.08057859668727708,0.45947164435192756,0,0
52,0.07781844461107847,-0.27601520761986187,0,0
53,0.07760367281800049,-0.021477179307798078,0,0
54,0.07781650612602009,0.021283330801960543,0,0
55,0.07802637645356995,0.020987032754986312,0,0
56,0.07678502661756148,-0.12413498360084735,0,0
57,0.07425848844858468,-0.25265381689767996,0,0
58,0.07725382746761646,0.2995339019031776,0,0
59,0.07194605134499955,-0.5307776122616903,0,0
60,0.08102542210389597,0.9079370758896421,0,0
61,0.07768965525293714,-0.3335766850958835,0,0
62,0.07965558128151479,0.1965926028577647,0,0
63,0.08074643280049937,0.10908515189845813,0,0
64,0.07778526984775931,-0.2961162952740057,0,0
65,0.08257625050374655,0.4790980655987237,0,0
66,0.08104628523296774,-0.15299652707788103,0,0
67,0.08415790686218046,0.31116216292127186,0,0
68,0.08027256992639703,-0.3885336935783426,0,0
69,0.08229157479915122,0.20190048727541932,0,0
70,0.07494941315793453,-0.734216164121669,0,0
71,0.07582550381650655,0.08760906585720124,0,0
72,0.07985363191820814,0.40281281017015974,0,0
73,0.07919160720233376,-0.06620247158743847,0,0
74,0.08054898888873206,0.1357381686398304,0,0
75,0.0796012323710246,-0.09477565177074682,0,0
76,0.08112176842841282,0.1520536057388222,0,0
77,0.07766808594587388,-0.3453682482538939,0,0
78,0.07850054070947984,0.08324547636059665,0,0
79,0.07900251380092689,0.050197309144704716,0,0
80,0.07605391303512464,-0.29486007658022506,0,0
81,0.07921942280028921,0.31655097651645675,0,0
82,0.07922532619347836,0.0005903393189149453,0,0
83,0.07799890921904591,-0.12264169744324455,0,0
84,0.07797114594110974,-0.002776327793617417,0,0
85,0.07798908991551916,0.0017943974409420638,0,0
86,0.07484619449337795,-0.31428954221412037,0,0
87,0.07606380928217649,0.12176147887985322,0,0
88,0.07647665798638295,0.041284870420646436,0,0
89,0.07893748606731381,0.24608280809308575,0,0
90,0.0760150597185843,-0.29224263487295093,0,0
91,0.08035339798643232,0.43383382678480187,0,0
92,0.07848578125366049,-0.18676167327718318,0,0
93,0.07812605348800791,-0.035972776565257325,0,0
94,0.07766229675286074,-0.0463756735147175,0,0
95,0.0780489845910236,0.03866878381628691,0,0
96,0.07959631856584098,0.15473339748173776,0,0
97,0.07934055532754365,-0.02557632382973324,0,0
98,0.07977809149669104,0.04375361691473928,0,0
99,0.08163909269274311,0.18610011960520645,0,0
100,0.07918928350185987,-0.2449809190883237,0,0
101,0.08133939393655618,0.21501104346963035,0,0
102,0.08117062448406927,-0.016876945248690822,0,0
103,0.07813719167579508,-0.3033432808274186,0,0
104,0.08021923684480145,0.2082045169006369,0,0
105,0.07428678994837476,-0.5932446896426691,0,0
106,0.0754970370834415,0.12102471350667471,0,0
107,0.08027228289146722,0.4775245808025713,0,0
108,0.0801971028139137,-0.00751800775535133,0,0
109,0.08215726963419617,0.19601668202824662,0,0
110,0.0774467820976243,-0.47104875365718696,0,0
111,0.07742273017768236,-0.0024051919941939226,0,0
112,0.07599804701082245,-0.14246831668599108,0,0
113,0.07781106287930174,0.18130158684792896,0,0
114,0.08169409282262208,0.38830299433203347,0,0
115,0.0748059092979945,-0.6888183524627584,0,0
116,0.07714580074910177,0.23398914511072733,0,0
117,0.07598393379870635,-0.11618669503954127,0,0
118,0.0785399990801599,0.2556065281453551,0,0
119,0.08038584209469594,0.18458430145360388,0,0
120,0.07525269695861032,-0.5133145136085621,0,0
121,0.08003564851827648,0.4782951559666154,0,0
122,0.0808735952828395,0.08379467645630162,0,0
123,0.07864390107713501,-0.22296942057044855,0,0
124,0.0756091123068822,-0.30347887702528026,0,0
125,0.07733569937719441,0.17265870703122022,0,0
126,0.08330951591727134,0.5973816540076934,0,0
127,0.0808190743564843,-0.24904415607870378,0,0
128,0.07836975066402777,-0.24493236924565398,0,0
129,0.08074396411280974,0.237421344878197,0,0
130,0.0823346335223805,0.1590669409570769,0,0
131,0.07909334463583421,-0.32412888865462897,0,0
132,0.07998188090320428,0.08885362673700659,0,0
133,0.08097848695919906,0.09966060559947754,0,0
134,0.07618497586288898,-0.47935110963100713,0,0
135,0.0785315360883486,0.23465602254596207,0,0
136,0.07497055786090878,-0.35609782274398233,0,0
137,0.08017683237900122,0.5206274518092441,0,0
138,0.0762827967259756,-0.38940356530256237,0,0
139,0.08025067416180723,0.39678774358316293,0,0
140,0.0770130923947756,-0.3237581767031622,0,0
141,0.07739067926851674,0.03775868737411342,0,0
142,0.07786884926023575,0.0478169991719013,0,0
143,0.07631989693902841,-0.15489523212073447,0,0
144,0.07571040832629963,-0.060948861272877575,0,0
145,0.07894558260597316,0.3235174279673528,0,0
146,0.08227674003775759,0.3331157431784429,0,0
147,0.08252703183048091,0.025029179272331725,0,0
148,0.07901063319325798,-0.3516398637222931,0,0
149,0.0773759593253012,-0.1634673867956779,0,0
150,0.07828086188865355,0.090490256335235,0,0
151,0.07548050466577629,-0.28003572228772616,0,0
152,0.07940115084858199,0.3920646182805701,0,0
153,0.07726322999978087,-0.21379208488011142,0,0
154,0.07766137916168134,0.03981491619004657,0,0
155,0.07884700837606791,0.11856292143865715,0,0
156,0.08009287900973079,0.12458706336628822,0,0
157,0.08171278286603509,0.16199038563042972,0,0
158,0.08083049131314465,-0.08822915528904351,0,0
159,0.07892278099555738,-0.1907710317587269,0,0
160,0.0775081586801826,-0.1414622315374786,0,0
161,0.07542163384779246,-0.20865248323901353,0,0
162,0.07834440738963765,0.29227735418451833,0,0
163,0.0759726106469788,-0.23717967426588465,0,0
164,0.07398140679013951,-0.1991203856839291,0,0
165,0.07536985775732791,0.13884509671883982,0,0
166,0.07894353471531779,0.35736769579898797,0,0
167,0.07895891991132542,0.001538519600763344,0,0
168,0.07945499104139772,0.049607113007230086,0,0
169,0.08022982129163045,0.07748302502327276,0,0
170,0.07694638601564033,-0.3283435275990121,0,0
171,0.0765084131586168,-0.04379728570235303,0,0
172,0.07800757571554232,0.1499162556925518,0,0
173,0.07501846019061886,-0.29891155249234524,0,0
174,0.0806624073617959,0.5643947171177041,0,0
175,0.07469461359608923,-0.5967793765706677,0,0
176,0.07814019106896017,0.3445577472870942,0,0
177,0.08299783966604517,0.48576485970849986,0,0
178,0.08218848445216657,-0.08093552138785931,0,0
179,0.08168570208727682,-0.05027823648897506,0,0
180,0.08081245478582125,-0.08732473014555764,0,0
181,0.0791964746546611,-0.16159801311601413,0,0
182,0.0817990214724817,0.26025468178206,0,0
183,0.07985271071813399,-0.1946310754347716,0,0
184,0.07772835676496515,-0.2124353953168845,0,0
185,0.0809346233561334,0.32062665911682525,0,0
186,0.08113821112127043,0.020358776513702825,0,0
187,0.0766237773262169,-0.4514433795053521,0,0
188,0.07569476416634155,-0.09290131598753554,0,0
189,0.08079798684684363,0.5103222680502075,0,0
190,0.07680904555919296,-0.3988941287650663,0,0
191,0.07794988740093117,0.11408418417382105,0,0
192,0.07989627074118946,0.19463833402582897,0,0
193,0.07976206616587753,-0.013420457531193586,0,0
194,0.07622705859122332,-0.3535007574654206,0,0
195,0.0786916420803781,0.24645834891547785,0,0
196,0.07549847750155791,-0.31931645788201846,0,0
197,0.07871786366527204,0.321938616371413,0,0
198,0.07531394363546295,-0.34039200298090905,0,0
199,0.07535977839965284,0.004583476418988652,0,0
200,0.07537149526022283,0.0011716860569985221,0,0
201,0.08090696029919069,0.553546503896786,0,0
202,0.08078506433041296,-0.012189596877772158,0,0
203,0.07888320048725828,-0.19018638431546886,0,0
204,0.08236071507765386,0.34775145903955806,0,0
205,0.08367265567116561,0.13119405935117512,0,0
206,0.08172829267937845,-0.19443629917871574,0,0
207,0.07965898793832858,-0.20693047410498683,0,0
208,0.0835512678108777,0.3892279872549115,0,0
209,0.08331908071449723,-0.023218709638046786,0,0
210,0.07696623617076957,-0.6352844543727656,0,0
211,0.0806459756855508,0.3679739514781233,0,0
212,0.07676908605757236,-0.38768896279784415,0,0
213,0.08451917953184412,0.775009347427176,0,0
214,0.08068390959540388,-0.3835269936440247,0,0
215,0.08285771435368453,0.2173804758280648,0,0
216,0.0769506490602513,-0.5907065293433225,0,0
217,0.08200499079715977,0.5054341736908469,0,0
218,0.07584521166340732,-0.6159779133752443,0,0
219,0.07878182796625563,0.2936616302848305,0,0
220,0.07737180533822469,-0.14100226280309436,0,0
221,0.07650172934324001,-0.08700759949846759,0,0
222,0.07583847592463838,-0.06632534186016281,0,0
223,0.07603280177032296,0.019432584568457312,0,0
224,0.07564019140322742,-0.03926103670955361,0,0
225,0.07560238945546979,-0.0037801947757626353,0,0
226,0.07901301017372492,0.3410620718255125,0,0
227,0.07357299514216022,-0.5440015031564701,0,0
228,0.08006451943764077,0.6491524295480555,0,0
229,0.07836953705855029,-0.1694982379090479,0,0
230,0.07761770532662668,-0.07518317319236134,0,0
231,0.07943702645611797,0.18193211294912914,0,0
232,0.07993124600583765,0.04942195497196766,0,0
233,0.07872042367952795,-0.12108223263097018,0,0
234,0.08382538545292963,0.5104961773401681,0,0
235,0.08107784158957289,-0.27475438633567384,0,0
236,0.07939377396910086,-0.16840676204720323,0,0
237,0.07853167876029682,-0.08620952088040368,0,0
238,0.08124705996213218,0.2715381201835357,0,0
239,0.07879231344990723,-0.24547465122249507,0,0
240,0.07750207609888403,-0.12902373510231963,0,0
241,0.08301766446724865,0.5515588368364618,0,0
242,0.07807988538195237,-0.49377790852962733,0,0
243,0.07754185360472046,-0.05380317772319121,0,0
244,0.08115921863098546,0.36173650262650014,0,0
245,0.08042711678561983,-0.07321018453656375,0,0
246,0.080312046778207,-0.011507000741282913,0,0
247,0.0770378186204236,-0.32742281577834015,0,0
248,0.07739526843322916,0.035744981280556865,0,0
249,0.07636141930127359,-0.10338491319555748,0,0
250,0.0784395351638355,0.20781158625619162,0,0
251,0.0770210176688515,-0.14185174949840063,0,0
252,0.07770593310063705,0.0684915431785546,0,0
253,0.07997893463903802,0.22730015384009733,0,0
254,0.07603936260090625,-0.3939572038131764,0,0
255,0.07839360193845357,0.23542393375473175,0,0
256,0.07863050911640082,0.02369071779472487,0,0
257,0.07826563424584532,-0.03648748705555038,0,0
258,0.07966379298119929,0.13981587353539687,0,0
259,0.0765096194479371,-0.31541735332621806,0,0
260,0.07647505888503997,-0.0034560562897134606,0,0
261,0.07664037788061442,0.016531899557445384,0,0
262,0.07543101850190473,-0.12093593787096957,0,0
263,0.0800113965187866,0.4580378016881867,0,0
264,0.08018944948119727,0.017805296241067692,0,0
265,0.0810981972272438,0.09087477460465315,0,0
266,0.08197677719621566,0.08785799689718515,0,0
267,0.07990018310763482,-0.20765940885808382,0,0
268,0.07958652716388478,-0.03136559437500325,0,0
269,0.07937648462681522,-0.0210042537069563,0,0
270,0.08034438045221955,0.09678958254043246,0,0
271,0.0795138407287817,-0.08305397234378425,0,0
272,0.08231502368529377,0.28011829565120633,0,0
273,0.07864892931881318,-0.36660943664805906,0,0
274,0.07910889640084054,0.04599670820273627,0,0
275,0.08109319746468874,0.19843010638481984,0,0
276,0.08047539711633711,-0.0617800348351627,0,0
277,0.07851589893884907,-0.1959498177488042,0,0
278,0.07742741199165053,-0.10884869471985414,0,0
279,0.0795204971014912,0.20930851098406728,0,0
280,0.07633678828674072,-0.3183708814750483,0,0
281,0.07835024355311448,0.20134552663737676,0,0
282,0.0768955203100522,-0.14547232430622836,0,0
283,0.07734813168576071,0.04526113757085115,0,0
284,0.08062980159213667,0.32816699063759613,0,0
285,0.0774767139047981,-0.3153087687338574,0,0
286,0.07909731164599926,0.16205977412011574,0,0
287,0.07980029576043705,0.07029841144377963,0,0
288,0.0810041893467842,0.1203893586347149,0,0
289,0.07807261243611271,-0.2931576910671488,0,0
290,0.07888711799487493,0.08145055587622102,0,0
291,0.07608170127789841,-0.2805416716976511,0,0
292,0.07642991025612808,0.03482089782296666,0,0
293,0.07742948570473092,0.0999575448602838,0,0
294,0.07995746922990273,0.25279835251718064,0,0
295,0.07638590930486441,-0.3571559925038312,0,0
296,0.07826914188555424,0.1883232580689828,0,0
297,0.07921496203781442,0.09458201522601767,0,0
298,0.07819197397214685,-0.1022988065667571,0,0
299,0.07818257044065548,-0.0009403531491369854,0,0
300,0.08013304509108915,0.19504746504336729,0,0
301,0.07939993424930315,-0.07331108417859972,0,0
302,0.08095027722264614,0.15503429733429858,0,0
303,0.07937258223309045,-0.1577694989555692,0,0
304,0.08132468941243907,0.19521071793486278,0,0
305,0.07962715815112337,-0.16975312613157073,0,0
306,0.08118156033914117,0.1554402188017806,0,0
307,0.07883013756053873,-0.23514227786024383,0,0
308,0.07955293112111866,0.0722793560579929,0,0
309,0.07932982976921951,-0.022310135189915203,0,0
310,0.08190962546238316,0.25797956931636473,0,0
311,0.07769383937592803,-0.4215786086455134,0,0
312,0.07881287786722797,0.11190384912999479,0,0
313,0.07797857567997295,-0.0834302187255026,0,0
314,0.07883764316121256,0.08590674812396087,0,0
315,0.07966878766523035,0.08311445040177917,0,0
316,0.07650088739070948,-0.31679002745208656,0,0
317,0.07496466238423335,-0.15362250064761274,0,0
318,0.08114606817434356,0.61814057901102,0,0
319,0.078681246116276,-0.24648220580675562,0,0
320,0.07588355796000365,-0.2797688156272349,0,0
321,0.075192683765747,-0.06908741942566465,0,0
322,0.07723655132573107,0.2043867559984064,0,0
323,0.07714775272704001,-0.00887985986910561,0,0
324,0.0777265661278877,0.057881340084768584,0,0
325,0.07877219023054548,0.104562410265778,0,0
326,0.08092122692003027,0.21490366894847956,0,0
327,0.08195882874864101,0.10376018286107347,0,0
328,0.07972623550873012,-0.22325932399108878,0,0
329,0.08023476102547995,0.050852551674983315,0,0
330,0.07890424466111778,-0.13305163643621692,0,0
331,0.08291138140202609,0.40071367409083014,0,0
332,0.0832093848986566,0.02980034966305195,0,0
333,0.08441704915229735,0.12076642536407445,0,0
334,0.08110876370122333,-0.33082854510740195,0,0
335,0.0811175351547533,0.0008771453529968221,0,0
336,0.07948227171398216,-0.16352634407711397,0,0
337,0.07769561986959175,-0.1786651844390405,0,0
338,0.08334792909971205,0.5652309230120292,0,0
339,0.07735621401351664,-0.5991715086195406,0,0
340,0.08021709302333116,0.2860879009814521,0,0
341,0.07532953534786019,-0.48875576754709715,0,0
342,0.0782952671443866,0.29657317965264135,0,0
343,0.08126253155823847,0.29672644138518667,0,0
344,0.07943861959064426,-0.18239119675942106,0,0
345,0.07629065153628636,-0.3147968054357894,0,0
346,0.07581735633609565,-0.04732952001907098,0,0
347,0.07844446083387335,0.2627104497777699,0,0
348,0.07648464115106549,-0.19598196828078673,0,0
349,0.07935090399630851,0.2866262845243023,0,0
350,0.07625359232758278,-0.3097311668725733,0,0
351,0.07705805465394872,0.080446232636594,0,0
352,0.07728114726706987,0.022309261312115913,1,0
353,0.07796524647618557,0.06840992091156906,1,0
354,0.07549198365132471,-0.24732628248608501,1,0
355,0.07939743084493431,0.3905447193609593,1,0
356,0.07732218330797896,-0.20752475369553436,1,0
357,0.0767175298481502,-0.060465345982876895,1,0
358,0.08182361149945255,0.5106081651302358,1,0
359,0.0802494318571349,-0.15741796423176524,1,0
360,0.08134057471718703,0.109114286005213,1,0
361,0.07701820803142279,-0.4322366685764245,1,0
362,0.08058449328923505,0.356628525781226,1,0
363,0.07671136770527526,-0.38731255839597883,1,0
364,0.08047678940065875,0.3765421695383492,1,0
365,0.07841019071612017,-0.20665986845385814,1,0
366,0.08018040691256885,0.17702161964486818,1,0
367,0.08194072421982004,0.1760317307251194,1,0
368,0.08295158148323024,0.10108572634102003,1,0
369,0.07812143922876337,-0.4830142254466874,1,0
370,0.07873806743261817,0.06166282038548021,1,0
371,0.0795005654398041,0.07624980071859327,1,0
372,0.08028498963364832,0.07844241938442104,1,1
373,0.07764055094228839,-0.26444386913599266,1,1
374,0.07578754062346438,-0.1853010318824011,1,1
375,0.0621199759422714,-1.3667564681192976,1,1
376,0.06197616000149189,-0.014381594077950838,1,1
377,0.06277580636947366,0.07996463679817711,1,1
378,0.0615149802259007,-0.12608261435729656,1,1
379,0.06203980997105677,0.05248297451560732,1,1
380,0.05873984521803631,-0.32999647530204607,1,1
381,0.06234251484749222,0.3602669629455907,1,1
382,0.06493096973307762,0.25884548855854006,1,1
383,0.062283941852233786,-0.26470278808438313,1,1
384,0.06352201783006577,0.12380759778319803,1,1
385,0.06650498935256388,0.2982971522498115,1,1
386,0.0661644645411307,-0.034052481143317936,1,1
387,0.06713265732006553,0.0968192778934826,1,1
388,0.06463166791671392,-0.2500989403351611,1,1
389,0.06741241140542212,0.2780743488708201,1,1
390,0.07085299265096219,0.34405812455400725,1,1
391,0.07084737555345606,-0.00056170975061276,1,1
392,0.07383821913018561,0.2990843576729546,1,1
393,0.07359229503980322,-0.02459240903823906,1,1
394,0.07709821653719362,0.3505921497390402,1,1
395,0.07376560767020067,-0.33326088669929504,1,1
396,0.07763545762798106,0.38698499577803913,1,1
397,0.07600032474999688,-0.16351328779841828,1,1
398,0.07836056526957193,0.23602405195750492,1,1
399,0.07779425856160924,-0.0566306707962691,1,1
400,0.07904896673433554,0.12547081727262988,1,1
401,0.07864779248384056,-0.04011742504949761,1,1
402,0.08097736549471886,0.23295730108782997,1,1
403,0.0829190295705313,0.19416640758124354,1,1
404,0.078308793352933,-0.461023621759829,1,1
405,0.08178816275703847,0.34793694041054674,1,1
406,0.08116867169542108,-0.061949106161739154,1,1
407,0.08136085303013194,0.019218133471085586,1,1
408,0.08050129125138163,-0.0859561778750309,1,1
409,0.0813408496362399,0.08395583848582744,1,1
410,0.08116109316259056,-0.01797564736493451,1,1
411,0.08418278853525017,0.30216953726596163,1,1
412,0.07857010952297244,-0.5612679012277729,1,1
413,0.07962435696768934,0.10542474447168965,1,1
414,0.07915018756207118,-0.04741694056181606,1,1
415,0.08014343266347429,0.09932451014031118,1,1
416,0.07904390576707698,-0.1099526896397307,1,1
417,0.07740240396969786,-0.16415017973791246,1,1
418,0.07769932897590653,0.02969250062086759,1,1
419,0.07848606093066572,0.07867319547591872,1,1
420,0.07826747390195232,-0.021858702871339897,1,1
421,0.07863109959898211,0.03636256970297874,1,1
422,0.07705561215483003,-0.15754874441520766,1,1
423,0.076044572781538,-0.10110393732920275,1,1
424,0.07957977473526709,0.35352019537290835,1,1
425,0.08000763687151985,0.042786213625276015,1,1
426,0.08304428069743475,0.30366438259148976,1,1
427,0.07790197069994355,-0.5142309997491198,1,1
428,0.07737976008032767,-0.052221061961588155,1,1
429,0.08082131573856267,0.3441555658235007,1,1
430,0.07877964436499496,-0.20416713735677133,1,1
431,0.07971212693512834,0.09324825701333833,1,1
432,0.07611317742510534,-0.3598949510023,1,0
433,0.07616937976042108,0.0056202335315738705,1,0
434,0.07781095978943485,0.16415800290137672,1,0
435,0.0807833879191298,0.29724281296949484,1,0
436,0.07924480189791945,-0.15385860212103475,1,0
437,0.07833020756973884,-0.09145943281806124,1,0
438,0.07694495527135138,-0.1385252298387457,1,0
439,0.07992442146339562,0.29794661920442417,1,0
440,0.07677520461741268,-0.31492168459829467,1,0
441,0.07902570894277071,0.22505043253580326,1,0
442,0.07681732254965128,-0.22083863931194325,1,0
443,0.07659456452299025,-0.022275802666102407,1,0
444,0.07864315614929702,0.20485916263067727,1,0
445,0.07949179426916983,0.08486381198728049,1,0
446,0.07713663071082381,-0.23551635583460157,1,0
447,0.07930703701362633,0.2170406302802519,1,0
448,0.0781772397018026,-0.11297973118237353,1,0
449,0.0776437302121808,-0.05335094896218029,1,0
450,0.07914921788714069,0.15054876749598933,1,0
451,0.08025030441187306,0.11010865247323698,1,0
452,0.07581501864430815,-0.44352857675649116,0,0
453,0.07791343804128216,0.20984193969740134,0,0
454,0.07833560743536545,0.04221693940832938,0,0
455,0.07583127409717598,-0.2504333338189474,0,0
456,0.08076397609880577,0.49327020016297907,0,0
457,0.07862854271325412,-0.21354333855516522,0,0
458,0.08068164264758333,0.2053099934329214,0,0
459,0.07946455041038292,-0.1217092237200415,0,0
460,0.07680101175391682,-0.2663538656466097,0,0
461,0.07551757101109235,-0.12834407428244654,0,0
462,0.07764294312037584,0.21253721092834854,0,0
463,0.07850257968859005,0.08596365682142088,0,0
464,0.07800029840497173,-0.05022812836183166,0,0
465,0.07702134588590465,-0.09789525190670861,0,0
466,0.07860120810242363,0.15798622165189846,0,0
467,0.08024789861285847,0.16466905104348395,0,0
468,0.08001919524274119,-0.02287033701172808,0,0
469,0.07744652683848592,-0.25726684042552683,0,0
470,0.07985132803094172,0.24048011924557994,0,0
471,0.07906031051733496,-0.07910175136067593,0,0
472,0.07850056958667401,-0.05597409306609541,0,0
473,0.08096945223608865,0.24688826494146388,0,0
474,0.08543124620449549,0.44617939684068464,0,0
475,0.0800743625449899,-0.5356883659505596,0,0
476,0.08021177210425416,0.01374095592642649,0,0
477,0.08038919652035281,0.0177424416098651,0,0
478,0.07998142917229473,-0.04077673480580857,0,0
479,0.08130646664813743,0.13250374758426997,0,0
480,0.07757214349702063,-0.37343231511167974,0,0
481,0.07809577543427156,0.05236319372509263,0,0
482,0.07541548378531102,-0.26802916489605394,0,0
483,0.07842176346814374,0.30062796828327215,0,0
484,0.07484958502546303,-0.3572178442680707,0,0
485,0.07365301317083923,-0.11965718546237958,0,0
486,0.07882519854652827,0.5172185375689031,0,0
487,0.07974874622093238,0.09235476744041127,0,0
488,0.07885865810338563,-0.08900881175467473,0,0
489,0.07981039309165175,0.09517349882661175,0,0
490,0.07879343003984578,-0.10169630518059719,0,0
491,0.07877121989117791,-0.0022210148667864416,0,0
492,0.0809983994480221,0.22271795568441916,0,0
493,0.0772896026236183,-0.37087968244038094,0,0
494,0.07717057716882614,-0.01190254547921571,0,0
495,0.08045198993088107,0.32814127620549305,0,0
496,0.08139467371487576,0.09426837839946883,0,0
497,0.08007531575632329,-0.13193579585524667,0,0
498,0.08099968620646723,0.09243704501439437,0,0
499,0.07817737965130811,-0.28223065551591237,0,0
500,0.0784758425284369,0.02984628771287856,0,0
501,0.08097853076416958,0.25026882357326863,0,0
502,0.08053844960008388,-0.04400811640856983,0,0
503,0.07772923364136007,-0.28092159587238125,0,0
504,0.07948935466781373,0.1760121026453662,0,0
505,0.07612247372524189,-0.33668809425718427,0,0
506,0.07906776289833625,0.2945289173094362,0,0
507,0.07866081346014481,-0.04069494381914451,0,0
508,0.07973337895023358,0.10725654900887727,0,0
509,0.0784338721585273,-0.12995067917062758,0,0
510,0.07614367336453479,-0.22901987939925178,0,0
511,0.07506950109286588,-0.10741722716689078,0,0
512,0.07565307314221925,0.0583572049353373,0,0
513,0.07804263576331716,0.2389562621097907,0,0
514,0.07577638260190289,-0.22662531614142667,0,0
515,0.07675030808599013,0.0973925484087243,0,0
516,0.0747410665714143,-0.20092415145758352,0,0
517,0.07715241580293798,0.24113492315236823,0,0
518,0.07842978784062996,0.12773720376919734,0,0
519,0.08009105807965634,0.16612702390263884,0,0
520,0.07965939434277644,-0.04316637368799031,0,0
521,0.07772010385743566,-0.19392904853407777,0,0
522,0.07959847556709479,0.18783717096591268,0,0
523,0.07643025921576903,-0.31682163513257616,0,0
524,0.08146073242586477,0.5030473210095739,0,0
525,0.08013264840529943,-0.13280840205653344,0,0
526,0.07881182997395077,-0.13208184313486665,0,0
527,0.08219133214381029,0.3379502169859522,0,0
528,0.0776814425175351,-0.45098896262751875,0,0
529,0.07828160336306669,0.060016084553159155,0,0
530,0.07675342546348418,-0.15281778995825113,0,0
531,0.07756330511494006,0.08098796514558748,0,0
532,0.08191106074171497,0.43477556267749184,0,0
533,0.0794271210685488,-0.248393967316618,0,0
534,0.07868211335641769,-0.074500771213111,0,0
535,0.07734457869062124,-0.1337534665796447,0,0
536,0.07714124088766319,-0.020333780295804516,0,0
537,0.07493079873870359,-0.22104421489596016,0,0
538,0.0750368566767704,0.01060579380668114,0,0
539,0.07637060913006817,0.1333752453297768,0,0
540,0.07642134305881046,0.005073392874228866,0,0
541,0.07498820744281529,-0.14331356159951736,0,0
542,0.08042466038080347,0.5436452937988181,0,0
543,0.07503642814559666,-0.5388232235206805,0,0
544,0.07838367896883859,0.3347250823241929,0,0
545,0.07462662271464154,-0.3757056254197047,0,0
546,0.07892818564530897,0.4301562930667427,0,0
547,0.07753522530375573,-0.13929603415532427,0,0
548,0.08217267520464785,0.46374499008921266,0,0
549,0.07964061640585547,-0.2532058798792383,0,0
550,0.08083398491700562,0.11933685111501502,0,0
551,0.0836844180119905,0.28504330949848805,0,0
552,0.08129915458739641,-0.23852634245940946,0,0
553,0.08129447507870394,-0.000467950869247058,0,0
554,0.0795777892230243,-0.17166858556796338,0,0
555,0.08365621033187813,0.40784211088538275,0,0
556,0.08196745111351034,-0.1688759218367794,0,0
557,0.07950439241738438,-0.24630586961259526,0,0
558,0.08302183270076438,0.35174402833799967,0,0
559,0.08053791710676847,-0.24839155939959112,0,0
560,0.08054303186149153,0.0005114754723062331,0,0
561,0.07676770162714946,-0.3775330234342067,0,0
562,0.07979748198784929,0.3029780360699827,0,0
563,0.08118541979362728,0.13879378057779918,0,0
564,0.07885830023013386,-0.2327119563493421,0,0
565,0.07709027206818242,-0.17680281619514432,0,0
566,0.08083480254114532,0.3744530472962901,0,0
567,0.07538531211566948,-0.5449490425475836,0,0
568,0.07696628057301969,0.15809684573502014,0,0
569,0.07392535382119333,-0.30409267518263505,0,0
570,0.0768626381026626,0.2937284281469263,0,0
571,0.07642155093113677,-0.0441087171525828,0,0
572,0.07501735652911887,-0.14041944020179026,0,0
573,0.08012023395319846,0.5102877424079596,0,0
574,0.0796659750443446,-0.04542589088538662,0,0
575,0.0816829296876947,0.20169546433500968,0,0
576,0.08214108824559722,0.04581585579025299,0,0
577,0.07847819544577418,-0.3662892799823042,0,0
578,0.08310479844126614,0.462660299549196,0,0
579,0.08210808070150023,-0.09967177397659094,0,0
580,0.07961236868980487,-0.2495712011695364,0,0
581,0.0819036730416037,0.2291304351798834,0,0
582,0.08215404236051843,0.025036931891472824,0,0
583,0.08217913596083758,0.0025093600319145426,0,0
584,0.08192163912113343,-0.02574968397041494,0,0
585,0.07940297130191719,-0.2518667819216239,0,0
586,0.08147798695199489,0.20750156500776995,0,0
587,0.077195383111173,-0.4282603840821894,0,0
588,0.08069920788758446,0.35038247764114655,0,0
589,0.07736118063235499,-0.333802725522947,0,0
590,0.076799556998883,-0.05616236334719943,0,0
591,0.07858303625705607,0.17834792581730707,0,0
592,0.08049955076378369,0.19165145067276262,0,0
593,0.07400699369793032,-0.6492557065853374,0,0
594,0.07647145634856878,0.24644626506384604,0,0
595,0.07437461075125257,-0.20968455973162103,0,0
596,0.07448649084482045,0.011188009356788431,0,0
597,0.07437227334405505,-0.011421750076540116,0,0
598,0.07729586213857294,0.2923588794517887,0,0
599,0.0791535379626115,0.18576758240385627,0,0
600,0.07736222069981255,-0.179131726279895,0,0
601,0.08033839559639026,0.2976174896577713,0,0
602,0.07778672683122761,-0.25516687651626485,0,0
603,0.0797170428183849,0.19303159871572884,0,0
604,0.07765493326985286,-0.20621095485320456,0,0
605,0.07723852676260781,-0.04164065072450457,0,0
606,0.07813060295194554,0.08920761893377316,0,0
607,0.08168286691024287,0.35522639582973303,0,0
608,0.08083396348172227,-0.0848903428520606,0,0
609,0.08056213506712616,-0.027182841459610918,0,0
610,0.07954012350054109,-0.10220115665850737,0,0
611,0.08020803954364625,0.06679160431051628,0,0
612,0.07763980916575385,-0.25682303778924026,0,0
613,0.0766657576730161,-0.0974051492737743,0,0
614,0.0791226205936758,0.24568629206596915,0,0
615,0.07566943199183801,-0.3453188601837784,0,0
616,0.07954473913606945,0.3875307144231441,0,0
617,0.07701907935236973,-0.2525659783699716,0,0
618,0.0755302012419803,-0.14888781103894327,0,0
619,0.07469849551369022,-0.0831705728290083,0,0
620,0.07627495154795483,0.1576456034264609,0,0
621,0.07630747828727728,0.0032526739322455422,0,0
622,0.07729070151229604,0.09832232250187589,0,0
623,0.07698604247098798,-0.030465904130806687,0,0
624,0.07855212837024365,0.15660858992556786,0,0
625,0.07986892317438535,0.13167948041416938,0,0
626,0.08047543548462155,0.060651231023620134,0,0
627,0.07704718985636122,-0.3428245628260329,0,0
628,0.08050018030274579,0.3452990446384571,0,0
629,0.08135561224358394,0.08554319408381472,0,0
630,0.07893117567217661,-0.24244365714073263,0,0
631,0.08002841474480303,0.10972390726264186,0,0
632,0.07866750064297179,-0.13609141018312426,0,0
633,0.08031834449727869,0.1650843854306902,0,0
634,0.07962127735343998,-0.06970671438387144,0,0
635,0.07970178244485861,0.008050509141863116,0,0
636,0.07957437479065677,-0.012740765420184152,0,0
637,0.07867838267901045,-0.08959921116463154,0,0
638,0.07919600369600607,0.0517621016995623,0,0
639,0.07731622173699355,-0.18797819590125192,0,0
640,0.07876772712840531,0.1451505391411756,0,0
641,0.07812743993912105,-0.06402871892842582,0,0
642,0.07843057112747678,0.030313118835573194,0,0
643,0.07534997480238535,-0.3080596325091431,0,0
644,0.07873960679075871,0.33896319883733594,0,0
645,0.0778929863617803,-0.08466204289784146,0,0
646,0.07562650534532558,-0.22664810164547133,0,0
647,0.0767078583027507,0.1081352957425119,0,0
648,0.08081632089488232,0.4108462592131615,0,0
649,0.0795307926322775,-0.1285528262604821,0,0
650,0.07999213208068282,0.04613394484053179,0,0
651,0.0786582618318749,-0.13338702488079196,0,0
652,0.07807963318986239,-0.05786286420125103,0,0
653,0.08212910907142357,0.4049475881561182,0,0
654,0.07839758319482706,-0.3731525876596503,0,0
655,0.07909624729839804,0.06986641035709729,0,0
656,0.08023612845361323,0.11398811552151972,0,0
657,0.07804927463138808,-0.21868538222251516,0,0
658,0.08101132744034305,0.2962052808954965,0,0
659,0.07787675526087726,-0.31345721794657916,0,0
660,0.07734401701894797,-0.0532738241929287,0,0
661,0.07929171534408044,0.19476983251324742,0,0
662,0.08054105490004528,0.12493395559648318,0,0
663,0.08247166904226783,0.19306141422225503,0,0
664,0.08222090872808996,-0.025076031417786693,0,0
665,0.08131167780555415,-0.09092309225358086,0,0
666,0.08167355392156625,0.03618761160120998,0,0
667,0.07910264696023982,-0.2570906961326433,0,0
668,0.0793920316022955,0.028938464205569003,0,0
669,0.08034189297925305,0.09498613769575448,0,0
670,0.07664856722568998,-0.36933257535630704,0,0
671,0.07808083762996768,0.1432270404277694,0,0
672,0.07936832933135786,0.12874917013901838,0,0
673,0.08377721367781507,0.4408884346457212,0,0
674,0.08046295643917994,-0.33142572386351266,0,0
675,0.08207312944492232,0.16101730057423713,0,0
676,0.07885258071979273,-0.3220548725129585,0,0
677,0.083268652635002,0.4416071915209263,0,0
678,0.08172131714829416,-0.15473354867078376,0,0
679,0.079394730223138,-0.23265869251561516,0,0
680,0.08058524795676891,0.11905177336309081,0,0
681,0.08145899283264083,0.08737448758719124,0,0
682,0.08054182560491015,-0.0917167227730678,0,0
683,0.08240456836200319,0.18627427570930416,0,0
684,0.07989133836784557,-0.2513229994157623,0,0
685,0.0771489510687041,-0.27423872991414605,0,0
686,0.08072186097322077,0.3572909904516669,0,0
687,0.07928643895559614,-0.14354220176246296,0,0
688,0.07934314754454817,0.005670858895202857,0,0
689,0.07984857966456899,0.050543212002081284,0,0
690,0.08047970818129388,0.06311285167248937,0,0
691,0.08034747859188006,-0.01322295894138209,0,0
692,0.07957772345059505,-0.07697551412850084,0,0
693,0.07525708887752673,-0.4320634573068319,0,0
694,0.08143887299938504,0.618178412185831,0,0
